columna,capa,servicio,n_na,n_distintos,media,sd,minimo,maximo
sg_Acrisols,Acrisols,wrb,0,157,1.9378,1.0383,0,5.1231
sg_Albeluvisols,Albeluvisols,wrb,0,16,0.1189,0.3125,0,1
sg_Alisols,Alisols,wrb,0,90,0.4917,0.7723,0,2.9992
sg_Andosols,Andosols,wrb,0,182,4.278,4.2004,0.0451,24.5428
sg_Arenosols,Arenosols,wrb,0,170,3.8195,1.6221,0,7.5693
sg_bdod_0-5cm_mean,bdod_0-5cm_mean,bdod,0,188,1.2236,0.0368,1.0768,1.3056
sg_bdod_0-5cm_Q0.05,bdod_0-5cm_Q0.05,bdod,0,185,0.7942,0.0919,0.52,0.956
sg_bdod_0-5cm_Q0.5,bdod_0-5cm_Q0.5,bdod,0,170,1.2222,0.0305,1.0985,1.3007
sg_bdod_0-5cm_Q0.95,bdod_0-5cm_Q0.95,bdod,0,180,1.65,0.042,1.5314,1.781
sg_bdod_0-5cm_uncertainty,bdod_0-5cm_uncertainty,bdod,0,118,0.4453,4.4695,0.0566,62.1147
sg_bdod_100-200cm_mean,bdod_100-200cm_mean,bdod,0,182,1.2833,0.0361,1.181,1.3842
sg_bdod_100-200cm_Q0.05,bdod_100-200cm_Q0.05,bdod,0,178,0.7322,0.1425,0.4799,0.9652
sg_bdod_100-200cm_Q0.5,bdod_100-200cm_Q0.5,bdod,0,158,1.2955,0.0255,1.2105,1.3973
sg_bdod_100-200cm_Q0.95,bdod_100-200cm_Q0.95,bdod,0,177,1.783,0.0287,1.7,1.8681
sg_bdod_100-200cm_uncertainty,bdod_100-200cm_uncertainty,bdod,0,115,0.4564,4.4692,0.0587,62.1228
sg_bdod_15-30cm_mean,bdod_15-30cm_mean,bdod,0,184,1.2801,0.0271,1.1896,1.3528
sg_bdod_15-30cm_Q0.05,bdod_15-30cm_Q0.05,bdod,0,182,0.8554,0.0698,0.5259,1
sg_bdod_15-30cm_Q0.5,bdod_15-30cm_Q0.5,bdod,0,137,1.2889,0.0228,1.2218,1.3592
sg_bdod_15-30cm_Q0.95,bdod_15-30cm_Q0.95,bdod,0,185,1.6962,0.0321,1.6037,1.8
sg_bdod_15-30cm_uncertainty,bdod_15-30cm_uncertainty,bdod,0,108,0.4402,4.4699,0.05,62.1147
sg_bdod_30-60cm_mean,bdod_30-60cm_mean,bdod,0,189,1.2528,0.0354,1.1456,1.3464
sg_bdod_30-60cm_Q0.05,bdod_30-60cm_Q0.05,bdod,0,176,0.7232,0.123,0.5,0.9693
sg_bdod_30-60cm_Q0.5,bdod_30-60cm_Q0.5,bdod,0,181,1.2584,0.0345,1.1701,1.3525
sg_bdod_30-60cm_Q0.95,bdod_30-60cm_Q0.95,bdod,0,168,1.7414,0.0295,1.6744,1.7939
sg_bdod_30-60cm_uncertainty,bdod_30-60cm_uncertainty,bdod,0,127,0.4563,4.4692,0.0572,62.1228
sg_bdod_5-15cm_mean,bdod_5-15cm_mean,bdod,0,183,1.2434,0.0289,1.1501,1.3266
sg_bdod_5-15cm_Q0.05,bdod_5-15cm_Q0.05,bdod,0,184,0.8537,0.0732,0.5227,0.9863
sg_bdod_5-15cm_Q0.5,bdod_5-15cm_Q0.5,bdod,0,153,1.2428,0.0316,1.1847,1.3228
sg_bdod_5-15cm_Q0.95,bdod_5-15cm_Q0.95,bdod,0,185,1.6474,0.0327,1.5451,1.7374
sg_bdod_5-15cm_uncertainty,bdod_5-15cm_uncertainty,bdod,0,110,0.4392,4.4694,0.05,62.1066
sg_bdod_60-100cm_mean,bdod_60-100cm_mean,bdod,0,187,1.2683,0.0361,1.1608,1.3646
sg_bdod_60-100cm_Q0.05,bdod_60-100cm_Q0.05,bdod,0,163,0.7262,0.1453,0.4705,0.9694
sg_bdod_60-100cm_Q0.5,bdod_60-100cm_Q0.5,bdod,0,167,1.2815,0.0271,1.2003,1.3749
sg_bdod_60-100cm_Q0.95,bdod_60-100cm_Q0.95,bdod,0,170,1.7555,0.0277,1.6882,1.8083
sg_bdod_60-100cm_uncertainty,bdod_60-100cm_uncertainty,bdod,0,121,0.4563,4.4696,0.0503,62.1287
sg_Calcisols,Calcisols,wrb,0,146,1.3961,1.1581,0,5
sg_Cambisols,Cambisols,wrb,0,194,7.9707,3.8092,1.5714,17.8892
sg_cec_0-5cm_mean,cec_0-5cm_mean,cec,0,196,26.205,1.1654,23.1984,28.3214
sg_cec_0-5cm_Q0.05,cec_0-5cm_Q0.05,cec,0,175,2.8614,0.6421,1.2102,4.4
sg_cec_0-5cm_Q0.5,cec_0-5cm_Q0.5,cec,0,197,22.2986,1.5931,18.0001,27.7703
sg_cec_0-5cm_Q0.95,cec_0-5cm_Q0.95,cec,0,178,66.1505,4.2853,51.287,73.4784
sg_cec_0-5cm_uncertainty,cec_0-5cm_uncertainty,cec,0,193,6.608,44.6551,2,622.7622
sg_cec_100-200cm_mean,cec_100-200cm_mean,cec,0,196,24.9463,1.4442,21.9327,27.8673
sg_cec_100-200cm_Q0.05,cec_100-200cm_Q0.05,cec,0,171,2.1122,0.4189,1.3023,3.8872
sg_cec_100-200cm_Q0.5,cec_100-200cm_Q0.5,cec,0,191,19.4477,1.7917,15.9573,23.8138
sg_cec_100-200cm_Q0.95,cec_100-200cm_Q0.95,cec,0,191,69.2747,6.6615,48.359,81.7767
sg_cec_100-200cm_uncertainty,cec_100-200cm_uncertainty,cec,0,187,7.2233,44.6672,2.3375,623.4279
sg_cec_15-30cm_mean,cec_15-30cm_mean,cec,0,197,24.0216,1.1516,21.6933,26.2638
sg_cec_15-30cm_Q0.05,cec_15-30cm_Q0.05,cec,0,174,2.4328,0.567,1.2,4.311
sg_cec_15-30cm_Q0.5,cec_15-30cm_Q0.5,cec,0,194,19.5483,1.5863,14.6988,22.8407
sg_cec_15-30cm_Q0.95,cec_15-30cm_Q0.95,cec,0,191,61.2416,3.3888,48.1259,68.4816
sg_cec_15-30cm_uncertainty,cec_15-30cm_uncertainty,cec,0,187,6.7816,44.665,2.2553,623.0928
sg_cec_30-60cm_mean,cec_30-60cm_mean,cec,0,197,24.0289,1.2125,21.1739,26.3818
sg_cec_30-60cm_Q0.05,cec_30-60cm_Q0.05,cec,0,172,2.2148,0.5016,1.2,4.3813
sg_cec_30-60cm_Q0.5,cec_30-60cm_Q0.5,cec,0,196,19.6378,1.5101,15.0466,22.8157
sg_cec_30-60cm_Q0.95,cec_30-60cm_Q0.95,cec,0,188,60.6451,3.313,47.6583,68.4816
sg_cec_30-60cm_uncertainty,cec_30-60cm_uncertainty,cec,0,192,6.7462,44.6667,2.3222,623.0704
sg_cec_5-15cm_mean,cec_5-15cm_mean,cec,0,197,24.2031,1.0374,21.7871,26.3056
sg_cec_5-15cm_Q0.05,cec_5-15cm_Q0.05,cec,0,177,2.5043,0.5639,1.2,4.0194
sg_cec_5-15cm_Q0.5,cec_5-15cm_Q0.5,cec,0,191,19.8138,1.3742,15.823,24.877
sg_cec_5-15cm_Q0.95,cec_5-15cm_Q0.95,cec,0,188,60.314,3.3409,47.9514,69.2709
sg_cec_5-15cm_uncertainty,cec_5-15cm_uncertainty,cec,0,187,6.6884,44.6679,2.0187,623.0086
sg_cec_60-100cm_mean,cec_60-100cm_mean,cec,0,195,24.9009,1.5357,21.6217,28.0202
sg_cec_60-100cm_Q0.05,cec_60-100cm_Q0.05,cec,0,176,2.1455,0.4433,1.3023,3.9923
sg_cec_60-100cm_Q0.5,cec_60-100cm_Q0.5,cec,0,191,19.288,1.6804,15.7185,24.0311
sg_cec_60-100cm_Q0.95,cec_60-100cm_Q0.95,cec,0,188,71.0013,6.2797,49.0318,81.7767
sg_cec_60-100cm_uncertainty,cec_60-100cm_uncertainty,cec,0,190,7.3444,44.6737,2.4003,623.6636
sg_cfvo_0-5cm_mean,cfvo_0-5cm_mean,cfvo,0,197,14.443,1.8738,9.1594,19.3905
sg_cfvo_0-5cm_Q0.05,cfvo_0-5cm_Q0.05,cfvo,0,1,0,0,0,0
sg_cfvo_0-5cm_Q0.5,cfvo_0-5cm_Q0.5,cfvo,0,184,5.3714,1.7055,1.5394,10.1782
sg_cfvo_0-5cm_Q0.95,cfvo_0-5cm_Q0.95,cfvo,0,196,62.0565,6.258,46.4702,78.9
sg_cfvo_0-5cm_uncertainty,cfvo_0-5cm_uncertainty,cfvo,0,197,16.591,44.9217,6.0863,634.0562
sg_cfvo_100-200cm_mean,cfvo_100-200cm_mean,cfvo,0,196,23.5499,2.9604,17.2476,29.5862
sg_cfvo_100-200cm_Q0.05,cfvo_100-200cm_Q0.05,cfvo,0,1,0,0,0,0
sg_cfvo_100-200cm_Q0.5,cfvo_100-200cm_Q0.5,cfvo,0,197,11.6816,4.6999,3.9571,23.7637
sg_cfvo_100-200cm_Q0.95,cfvo_100-200cm_Q0.95,cfvo,0,191,80.9282,7.0918,66.5076,95
sg_cfvo_100-200cm_uncertainty,cfvo_100-200cm_uncertainty,cfvo,0,197,11.9747,45.0978,3.6,633.2011
sg_cfvo_15-30cm_mean,cfvo_15-30cm_mean,cfvo,0,197,16.9374,2.6535,11.1853,24.2401
sg_cfvo_15-30cm_Q0.05,cfvo_15-30cm_Q0.05,cfvo,0,1,0,0,0,0
sg_cfvo_15-30cm_Q0.5,cfvo_15-30cm_Q0.5,cfvo,0,186,6.4276,2.8431,2,17.7591
sg_cfvo_15-30cm_Q0.95,cfvo_15-30cm_Q0.95,cfvo,0,189,68.2436,5.8123,52.0789,83.4746
sg_cfvo_15-30cm_uncertainty,cfvo_15-30cm_uncertainty,cfvo,0,195,16.4339,44.8967,4.0699,631.6886
sg_cfvo_30-60cm_mean,cfvo_30-60cm_mean,cfvo,0,197,19.788,3.0185,13.2015,26.1251
sg_cfvo_30-60cm_Q0.05,cfvo_30-60cm_Q0.05,cfvo,0,1,0,0,0,0
sg_cfvo_30-60cm_Q0.5,cfvo_30-60cm_Q0.5,cfvo,0,194,7.4539,3.4914,1.9862,18.2921
sg_cfvo_30-60cm_Q0.95,cfvo_30-60cm_Q0.95,cfvo,0,187,74.7145,7.4003,61.0714,95
sg_cfvo_30-60cm_uncertainty,cfvo_30-60cm_uncertainty,cfvo,0,197,16.2593,44.9305,4.1369,631.3016
sg_cfvo_5-15cm_mean,cfvo_5-15cm_mean,cfvo,0,197,14.8975,1.9277,9.7248,20.234
sg_cfvo_5-15cm_Q0.05,cfvo_5-15cm_Q0.05,cfvo,0,1,0,0,0,0
sg_cfvo_5-15cm_Q0.5,cfvo_5-15cm_Q0.5,cfvo,0,181,5.4036,1.8791,1.9172,10.6491
sg_cfvo_5-15cm_Q0.95,cfvo_5-15cm_Q0.95,cfvo,0,195,63.4845,5.7577,48.7702,80.019
sg_cfvo_5-15cm_uncertainty,cfvo_5-15cm_uncertainty,cfvo,0,196,16.9899,44.9475,5.9842,634.484
sg_cfvo_60-100cm_mean,cfvo_60-100cm_mean,cfvo,0,197,21.6538,3.123,15.1736,28.0735
sg_cfvo_60-100cm_Q0.05,cfvo_60-100cm_Q0.05,cfvo,0,1,0,0,0,0
sg_cfvo_60-100cm_Q0.5,cfvo_60-100cm_Q0.5,cfvo,0,194,9.3066,4.4351,3,20.6399
sg_cfvo_60-100cm_Q0.95,cfvo_60-100cm_Q0.95,cfvo,0,192,76.9765,7.2132,63.077,95
sg_cfvo_60-100cm_uncertainty,cfvo_60-100cm_uncertainty,cfvo,0,197,14.3318,45.0519,3.7935,632.6024
sg_Chernozems,Chernozems,wrb,0,97,0.6362,0.6882,0,3.2297
sg_clay_0-5cm_mean,clay_0-5cm_mean,clay,0,196,24.499,2.4592,18.042,29.2478
sg_clay_0-5cm_Q0.05,clay_0-5cm_Q0.05,clay,0,196,5.6172,1.5532,2.1206,9.5
sg_clay_0-5cm_Q0.5,clay_0-5cm_Q0.5,clay,0,196,21.8255,2.1787,15.3412,25.0107
sg_clay_0-5cm_Q0.95,clay_0-5cm_Q0.95,clay,0,195,57.3214,13.1221,36.8536,88.001
sg_clay_0-5cm_uncertainty,clay_0-5cm_uncertainty,clay,0,186,6.1314,44.634,1.4605,621.9388
sg_clay_100-200cm_mean,clay_100-200cm_mean,clay,0,197,30.9751,3.9102,21.4404,36.9
sg_clay_100-200cm_Q0.05,clay_100-200cm_Q0.05,clay,0,194,4.8677,1.5362,2.4064,8.3511
sg_clay_100-200cm_Q0.5,clay_100-200cm_Q0.5,clay,0,196,28.085,4.4666,15.1163,35.4833
sg_clay_100-200cm_Q0.95,clay_100-200cm_Q0.95,clay,0,196,66.9778,8.2607,51.0503,85.3091
sg_clay_100-200cm_uncertainty,clay_100-200cm_uncertainty,clay,0,184,6.0164,44.6444,1.6714,622.0359
sg_clay_15-30cm_mean,clay_15-30cm_mean,clay,0,196,28.694,3.0157,21.0211,34.9838
sg_clay_15-30cm_Q0.05,clay_15-30cm_Q0.05,clay,0,195,4.969,1.4186,2.3436,10.3474
sg_clay_15-30cm_Q0.5,clay_15-30cm_Q0.5,clay,0,197,25.9652,3.2888,15.5625,34.0988
sg_clay_15-30cm_Q0.95,clay_15-30cm_Q0.95,clay,0,196,62.3746,8.4797,47.3122,80.4934
sg_clay_15-30cm_uncertainty,clay_15-30cm_uncertainty,clay,0,188,5.9957,44.6441,1.5371,622.0167
sg_clay_30-60cm_mean,clay_30-60cm_mean,clay,0,197,30.616,3.9542,21.2443,37.8312
sg_clay_30-60cm_Q0.05,clay_30-60cm_Q0.05,clay,0,193,4.8163,1.7136,2.4077,10.1208
sg_clay_30-60cm_Q0.5,clay_30-60cm_Q0.5,clay,0,197,28.5773,4.6994,16.0494,37.1811
sg_clay_30-60cm_Q0.95,clay_30-60cm_Q0.95,clay,0,197,63.5764,7.6404,49.0464,82.965
sg_clay_30-60cm_uncertainty,clay_30-60cm_uncertainty,clay,0,186,5.8656,44.6525,1.4321,622.0198
sg_clay_5-15cm_mean,clay_5-15cm_mean,clay,0,197,25.0919,2.5363,19.1495,30.1143
sg_clay_5-15cm_Q0.05,clay_5-15cm_Q0.05,clay,0,197,5.5782,1.6799,2.2386,10.5874
sg_clay_5-15cm_Q0.5,clay_5-15cm_Q0.5,clay,0,196,22.5276,2.2634,15.5992,26.2189
sg_clay_5-15cm_Q0.95,clay_5-15cm_Q0.95,clay,0,197,54.8436,8.879,40.519,79.5979
sg_clay_5-15cm_uncertainty,clay_5-15cm_uncertainty,clay,0,188,5.9544,44.6547,1.5,622.1169
sg_clay_60-100cm_mean,clay_60-100cm_mean,clay,0,197,31.3137,3.941,21.5803,37.121
sg_clay_60-100cm_Q0.05,clay_60-100cm_Q0.05,clay,0,197,5.4996,1.6873,2.4064,9.1711
sg_clay_60-100cm_Q0.5,clay_60-100cm_Q0.5,clay,0,196,29.0536,4.5095,16.505,36.5888
sg_clay_60-100cm_Q0.95,clay_60-100cm_Q0.95,clay,0,197,64.9082,8.7389,51.2537,86.2987
sg_clay_60-100cm_uncertainty,clay_60-100cm_uncertainty,clay,0,188,5.8422,44.655,1.5,622.0167
sg_Cryosols,Cryosols,wrb,0,1,0,0,0,0
sg_Durisols,Durisols,wrb,0,169,2.5927,2.0934,0,8.2718
sg_Ferralsols,Ferralsols,wrb,0,46,0.1427,0.3026,0,1
sg_Fluvisols,Fluvisols,wrb,0,183,2.6571,1.4388,0,7
sg_Gleysols,Gleysols,wrb,0,85,0.73740000000000006,0.844,0,3.5327
sg_Gypsisols,Gypsisols,wrb,0,6,0.0108,0.085,0,0.9927
sg_Histosols,Histosols,wrb,0,1,0,0,0,0
sg_Kastanozems,Kastanozems,wrb,0,121,0.8407,0.6706,0,2.9068
sg_Leptosols,Leptosols,wrb,0,192,8.5232,2.7698,3.2472,18.7026
sg_Lixisols,Lixisols,wrb,0,131,1.2346,0.6117,0,3
sg_Luvisols,Luvisols,wrb,0,197,16.2075,3.7811,6.9408,26.2298
sg_MostProbable,MostProbable,wrb,0,63,19.3003,2.4086,3,29
sg_Nitisols,Nitisols,wrb,0,155,1.2508,0.966,0,4
sg_nitrogen_0-5cm_mean,nitrogen_0-5cm_mean,nitrogen,0,197,3.1209,0.3978,2.1805,4.1508
sg_nitrogen_0-5cm_Q0.05,nitrogen_0-5cm_Q0.05,nitrogen,0,171,0.5273,0.0647,0.4,0.6428
sg_nitrogen_0-5cm_Q0.5,nitrogen_0-5cm_Q0.5,nitrogen,0,197,2.0541,0.2519,1.4685,2.56
sg_nitrogen_0-5cm_Q0.95,nitrogen_0-5cm_Q0.95,nitrogen,0,193,10.5333,1.5822,5.3535,13.4394
sg_nitrogen_0-5cm_uncertainty,nitrogen_0-5cm_uncertainty,nitrogen,0,196,0.8632,4.4665,0.3035,62.4903
sg_nitrogen_100-200cm_mean,nitrogen_100-200cm_mean,nitrogen,0,196,0.7382,0.1011,0.4934,1.0413
sg_nitrogen_100-200cm_Q0.05,nitrogen_100-200cm_Q0.05,nitrogen,0,122,0.0961,0.0081,0.0726,0.131
sg_nitrogen_100-200cm_Q0.5,nitrogen_100-200cm_Q0.5,nitrogen,0,177,0.4502,0.038,0.3648,0.5433
sg_nitrogen_100-200cm_Q0.95,nitrogen_100-200cm_Q0.95,nitrogen,0,186,1.6634,0.3263,1.1182,2.8882
sg_nitrogen_100-200cm_uncertainty,nitrogen_100-200cm_uncertainty,nitrogen,0,192,0.7256,4.4612,0.228,62.2687
sg_nitrogen_15-30cm_mean,nitrogen_15-30cm_mean,nitrogen,0,197,1.6376,0.2252,1.2255,2.444
sg_nitrogen_15-30cm_Q0.05,nitrogen_15-30cm_Q0.05,nitrogen,0,178,0.2863,0.0358,0.1989,0.3702
sg_nitrogen_15-30cm_Q0.5,nitrogen_15-30cm_Q0.5,nitrogen,0,189,1.2041,0.1022,0.95,1.4704
sg_nitrogen_15-30cm_Q0.95,nitrogen_15-30cm_Q0.95,nitrogen,0,189,3.9608,0.9068,2.7766,9.242
sg_nitrogen_15-30cm_uncertainty,nitrogen_15-30cm_uncertainty,nitrogen,0,190,0.6791,4.4633,0.2264,62.2529
sg_nitrogen_30-60cm_mean,nitrogen_30-60cm_mean,nitrogen,0,197,1.262,0.1396,0.9434,1.6478
sg_nitrogen_30-60cm_Q0.05,nitrogen_30-60cm_Q0.05,nitrogen,0,124,0.2099,0.0299,0.1673,0.3
sg_nitrogen_30-60cm_Q0.5,nitrogen_30-60cm_Q0.5,nitrogen,0,174,0.9083,0.0503,0.8,1.0541
sg_nitrogen_30-60cm_Q0.95,nitrogen_30-60cm_Q0.95,nitrogen,0,194,3.0993,0.6692,1.9375,6.0324
sg_nitrogen_30-60cm_uncertainty,nitrogen_30-60cm_uncertainty,nitrogen,0,193,0.6921,4.4686,0.2146,62.3514
sg_nitrogen_5-15cm_mean,nitrogen_5-15cm_mean,nitrogen,0,197,2.1453,0.1941,1.6799,2.5612
sg_nitrogen_5-15cm_Q0.05,nitrogen_5-15cm_Q0.05,nitrogen,0,181,0.4248,0.0554,0.3,0.5777
sg_nitrogen_5-15cm_Q0.5,nitrogen_5-15cm_Q0.5,nitrogen,0,183,1.6767,0.1034,1.3244,2.0634
sg_nitrogen_5-15cm_Q0.95,nitrogen_5-15cm_Q0.95,nitrogen,0,185,5.1802,0.9441,3.7267,7.5061
sg_nitrogen_5-15cm_uncertainty,nitrogen_5-15cm_uncertainty,nitrogen,0,195,0.6586,4.4657,0.204,62.271
sg_nitrogen_60-100cm_mean,nitrogen_60-100cm_mean,nitrogen,0,197,0.9751,0.1438,0.6106,1.3274
sg_nitrogen_60-100cm_Q0.05,nitrogen_60-100cm_Q0.05,nitrogen,0,153,0.1245,0.0248,0.0875,0.2
sg_nitrogen_60-100cm_Q0.5,nitrogen_60-100cm_Q0.5,nitrogen,0,169,0.5949,0.0391,0.5027,0.7
sg_nitrogen_60-100cm_Q0.95,nitrogen_60-100cm_Q0.95,nitrogen,0,184,2.0749,0.6348,1.3629,5.7268
sg_nitrogen_60-100cm_uncertainty,nitrogen_60-100cm_uncertainty,nitrogen,0,193,0.7013,4.4636,0.2095,62.2681
sg_ocd_0-5cm_mean,ocd_0-5cm_mean,ocd,0,197,33.2207,3.6157,27.1785,41.9349
sg_ocd_0-5cm_Q0.05,ocd_0-5cm_Q0.05,ocd,0,170,10.0556,1.3601,6.5386,13.6
sg_ocd_0-5cm_Q0.5,ocd_0-5cm_Q0.5,ocd,0,197,29.4149,4.4039,19.2821,37.2915
sg_ocd_0-5cm_Q0.95,ocd_0-5cm_Q0.95,ocd,0,197,73.9544,9.0275,61.5881,96.8
sg_ocd_0-5cm_uncertainty,ocd_0-5cm_uncertainty,ocd,0,193,5.958,44.6755,1.6954,622.3727
sg_ocd_100-200cm_mean,ocd_100-200cm_mean,ocd,0,194,5.7305,1.419,3.8912,9.7267
sg_ocd_100-200cm_Q0.05,ocd_100-200cm_Q0.05,ocd,0,179,1.1414,0.1426,0.7729,1.4937
sg_ocd_100-200cm_Q0.5,ocd_100-200cm_Q0.5,ocd,0,177,3.5973,0.2106,3.1307,4.074
sg_ocd_100-200cm_Q0.95,ocd_100-200cm_Q0.95,ocd,0,187,16.3873,10.0656,7.0826,37.9881
sg_ocd_100-200cm_uncertainty,ocd_100-200cm_uncertainty,ocd,0,196,7.9281,44.6118,1.6079,622.4838
sg_ocd_15-30cm_mean,ocd_15-30cm_mean,ocd,0,197,19.6102,1.3494,16.6128,23.8894
sg_ocd_15-30cm_Q0.05,ocd_15-30cm_Q0.05,ocd,0,189,6.7255,0.6387,5.0222,7.8664
sg_ocd_15-30cm_Q0.5,ocd_15-30cm_Q0.5,ocd,0,194,15.3153,0.7858,13.2302,17.8922
sg_ocd_15-30cm_Q0.95,ocd_15-30cm_Q0.95,ocd,0,195,40.726,4.2944,35.6209,56.3798
sg_ocd_15-30cm_uncertainty,ocd_15-30cm_uncertainty,ocd,0,184,5.9795,44.6593,1.8069,622.2011
sg_ocd_30-60cm_mean,ocd_30-60cm_mean,ocd,0,197,11.9466,1.178,9.8321,16.089
sg_ocd_30-60cm_Q0.05,ocd_30-60cm_Q0.05,ocd,0,187,3.9532,0.275,3.0198,4.6083
sg_ocd_30-60cm_Q0.5,ocd_30-60cm_Q0.5,ocd,0,193,9.7276,0.4127,8.2899,10.6893
sg_ocd_30-60cm_Q0.95,ocd_30-60cm_Q0.95,ocd,0,193,30.8145,6.3627,15.9045,73.3236
sg_ocd_30-60cm_uncertainty,ocd_30-60cm_uncertainty,ocd,0,192,6.5078,44.6343,1.2356,622.2504
sg_ocd_5-15cm_mean,ocd_5-15cm_mean,ocd,0,197,27.2719,2.2279,22.1014,33.6795
sg_ocd_5-15cm_Q0.05,ocd_5-15cm_Q0.05,ocd,0,191,10.0203,0.9118,6.5239,12.6476
sg_ocd_5-15cm_Q0.5,ocd_5-15cm_Q0.5,ocd,0,195,23.1569,4.1988,17.9876,33.1517
sg_ocd_5-15cm_Q0.95,ocd_5-15cm_Q0.95,ocd,0,183,57.6188,10.3747,40.0621,74.6641
sg_ocd_5-15cm_uncertainty,ocd_5-15cm_uncertainty,ocd,0,192,5.859,44.6607,1.005,622.039
sg_ocd_60-100cm_mean,ocd_60-100cm_mean,ocd,0,196,8.0619,1.4922,6.2749,12.3093
sg_ocd_60-100cm_Q0.05,ocd_60-100cm_Q0.05,ocd,0,184,2.3787,0.3451,1.5844,3.1503
sg_ocd_60-100cm_Q0.5,ocd_60-100cm_Q0.5,ocd,0,192,6.0405,0.5889,4.7663,7.4
sg_ocd_60-100cm_Q0.95,ocd_60-100cm_Q0.95,ocd,0,194,20.4705,8.3607,9.2519,36.3387
sg_ocd_60-100cm_uncertainty,ocd_60-100cm_uncertainty,ocd,0,196,6.7073,44.5777,1.0609,621.6701
sg_ocs_0-30cm_mean,ocs_0-30cm_mean,ocs,0,193,54.3722,4.0144,44,65.6652
sg_ocs_0-30cm_Q0.05,ocs_0-30cm_Q0.05,ocs,0,177,15.4655,2.9868,10.1364,21.9979
sg_ocs_0-30cm_Q0.5,ocs_0-30cm_Q0.5,ocs,0,194,46.469,4.5912,37.3648,59.7269
sg_ocs_0-30cm_Q0.95,ocs_0-30cm_Q0.95,ocs,0,197,114.0329,11.5869,92.8604,139.9745
sg_ocs_0-30cm_uncertainty,ocs_0-30cm_uncertainty,ocs,0,195,58.9003,446.5261,16.3553,6220.0261
sg_Phaeozems,Phaeozems,wrb,0,197,25.2263,7.2805,3.6302,44.2067
sg_phh2o_0-5cm_mean,phh2o_0-5cm_mean,phh2o,0,159,6.3974,0.1691,5.9005,7.1228
sg_phh2o_0-5cm_Q0.05,phh2o_0-5cm_Q0.05,phh2o,0,142,5.1519,0.2025,4.5496,5.588
sg_phh2o_0-5cm_Q0.5,phh2o_0-5cm_Q0.5,phh2o,0,163,6.2166,0.177,5.6007,7.1279
sg_phh2o_0-5cm_Q0.95,phh2o_0-5cm_Q0.95,phh2o,0,118,8.1244,0.1801,7.6397,8.9953
sg_phh2o_0-5cm_uncertainty,phh2o_0-5cm_uncertainty,phh2o,0,96,4.2415,44.7046,0.4,621.0663
sg_phh2o_100-200cm_mean,phh2o_100-200cm_mean,phh2o,0,168,6.8528,0.2491,6.3316,7.6
sg_phh2o_100-200cm_Q0.05,phh2o_100-200cm_Q0.05,phh2o,0,158,5.3287,0.2632,4.5644,6.0986
sg_phh2o_100-200cm_Q0.5,phh2o_100-200cm_Q0.5,phh2o,0,175,6.693,0.3133,6.1339,7.7219
sg_phh2o_100-200cm_Q0.95,phh2o_100-200cm_Q0.95,phh2o,0,166,8.6306,0.2605,8.0701,9.431
sg_phh2o_100-200cm_uncertainty,phh2o_100-200cm_uncertainty,phh2o,0,89,4.2475,44.6997,0.4,621.0044
sg_phh2o_15-30cm_mean,phh2o_15-30cm_mean,phh2o,0,157,6.4655,0.1838,6.0005,7.0921
sg_phh2o_15-30cm_Q0.05,phh2o_15-30cm_Q0.05,phh2o,0,125,5.2155,0.1911,4.7,5.7
sg_phh2o_15-30cm_Q0.5,phh2o_15-30cm_Q0.5,phh2o,0,154,6.269,0.1663,5.9002,7.0401
sg_phh2o_15-30cm_Q0.95,phh2o_15-30cm_Q0.95,phh2o,0,162,8.1712,0.207,7.816,8.7825
sg_phh2o_15-30cm_uncertainty,phh2o_15-30cm_uncertainty,phh2o,0,75,4.2281,44.7052,0.4,621.0663
sg_phh2o_30-60cm_mean,phh2o_30-60cm_mean,phh2o,0,154,6.6427,0.2306,6.2002,7.252
sg_phh2o_30-60cm_Q0.05,phh2o_30-60cm_Q0.05,phh2o,0,161,5.2871,0.2489,4.6711,6.0081
sg_phh2o_30-60cm_Q0.5,phh2o_30-60cm_Q0.5,phh2o,0,154,6.4643,0.227,6,7.1999
sg_phh2o_30-60cm_Q0.95,phh2o_30-60cm_Q0.95,phh2o,0,179,8.4037,0.3057,7.8523,9.3931
sg_phh2o_30-60cm_uncertainty,phh2o_30-60cm_uncertainty,phh2o,0,64,4.2342,44.7033,0.3557,621.0471
sg_phh2o_5-15cm_mean,phh2o_5-15cm_mean,phh2o,0,166,6.4066,0.1764,6.0002,7.123
sg_phh2o_5-15cm_Q0.05,phh2o_5-15cm_Q0.05,phh2o,0,151,5.1558,0.2064,4.6026,5.6078
sg_phh2o_5-15cm_Q0.5,phh2o_5-15cm_Q0.5,phh2o,0,165,6.222,0.1703,5.7844,7.1723
sg_phh2o_5-15cm_Q0.95,phh2o_5-15cm_Q0.95,phh2o,0,148,8.1314,0.1991,7.6496,9.1094
sg_phh2o_5-15cm_uncertainty,phh2o_5-15cm_uncertainty,phh2o,0,101,4.2396,44.7047,0.4,621.0663
sg_phh2o_60-100cm_mean,phh2o_60-100cm_mean,phh2o,0,164,6.7739,0.2542,6.2656,7.5
sg_phh2o_60-100cm_Q0.05,phh2o_60-100cm_Q0.05,phh2o,0,171,5.3112,0.2984,4.5,6.1
sg_phh2o_60-100cm_Q0.5,phh2o_60-100cm_Q0.5,phh2o,0,164,6.5947,0.294,6.1297,7.5389
sg_phh2o_60-100cm_Q0.95,phh2o_60-100cm_Q0.95,phh2o,0,176,8.5266,0.2856,7.9749,9.4652
sg_phh2o_60-100cm_uncertainty,phh2o_60-100cm_uncertainty,phh2o,0,77,4.2421,44.6982,0.4,620.9853
sg_Planosols,Planosols,wrb,0,130,1.2428,1.1822,0,4.7547
sg_Plinthosols,Plinthosols,wrb,0,1,0,0,0,0
sg_Podzols,Podzols,wrb,0,24,0.0749,0.2455,0,1.14
sg_Regosols,Regosols,wrb,0,185,4.4856,2.0732,0.4348,13.5623
sg_sand_0-5cm_mean,sand_0-5cm_mean,sand,0,196,46.5028,2.4813,39.7455,52.078
sg_sand_0-5cm_Q0.05,sand_0-5cm_Q0.05,sand,0,194,21.6474,7.7476,4.1015,32.0198
sg_sand_0-5cm_Q0.5,sand_0-5cm_Q0.5,sand,0,197,47.2093,1.9392,41.8776,53.247
sg_sand_0-5cm_Q0.95,sand_0-5cm_Q0.95,sand,0,188,68.1943,2.7814,62.8177,74.5272
sg_sand_0-5cm_uncertainty,sand_0-5cm_uncertainty,sand,0,145,4.7471,44.6802,0.7302,621.2284
sg_sand_100-200cm_mean,sand_100-200cm_mean,sand,0,197,42.7533,3.0938,35.8793,49.7365
sg_sand_100-200cm_Q0.05,sand_100-200cm_Q0.05,sand,0,196,18.8392,4.826,7.1381,27.1983
sg_sand_100-200cm_Q0.5,sand_100-200cm_Q0.5,sand,0,197,42.3718,3.3493,34.4151,51.2073
sg_sand_100-200cm_Q0.95,sand_100-200cm_Q0.95,sand,0,196,67.5453,3.3674,59.5642,76.6597
sg_sand_100-200cm_uncertainty,sand_100-200cm_uncertainty,sand,0,147,4.9091,44.6864,0.9,621.4716
sg_sand_15-30cm_mean,sand_15-30cm_mean,sand,0,196,43.2265,2.4968,37.6111,47.6171
sg_sand_15-30cm_Q0.05,sand_15-30cm_Q0.05,sand,0,197,20.4647,5.5199,6.8697,29.2672
sg_sand_15-30cm_Q0.5,sand_15-30cm_Q0.5,sand,0,197,43.2397,2.405,37.4401,48.2118
sg_sand_15-30cm_Q0.95,sand_15-30cm_Q0.95,sand,0,197,65.4027,2.9346,56.1745,72.3727
sg_sand_15-30cm_uncertainty,sand_15-30cm_uncertainty,sand,0,155,4.8005,44.6868,0.7293,621.3874
sg_sand_30-60cm_mean,sand_30-60cm_mean,sand,0,197,42.0804,3.0528,36.0845,48.4638
sg_sand_30-60cm_Q0.05,sand_30-60cm_Q0.05,sand,0,194,20.1529,5.2613,6.5014,28.5376
sg_sand_30-60cm_Q0.5,sand_30-60cm_Q0.5,sand,0,197,41.7534,3.1519,34.7077,49.5965
sg_sand_30-60cm_Q0.95,sand_30-60cm_Q0.95,sand,0,196,64.6646,3.305,54.1264,72.2991
sg_sand_30-60cm_uncertainty,sand_30-60cm_uncertainty,sand,0,151,4.8291,44.6857,0.8,621.3905
sg_sand_5-15cm_mean,sand_5-15cm_mean,sand,0,197,45.789,2.5085,39.1439,51.4404
sg_sand_5-15cm_Q0.05,sand_5-15cm_Q0.05,sand,0,196,23.5142,6.374,6.8697,32.422
sg_sand_5-15cm_Q0.5,sand_5-15cm_Q0.5,sand,0,197,46.4064,2.1258,40.506100000000004,52.479
sg_sand_5-15cm_Q0.95,sand_5-15cm_Q0.95,sand,0,197,66.144,2.9891,60.9812,72.574700000000007
sg_sand_5-15cm_uncertainty,sand_5-15cm_uncertainty,sand,0,150,4.6807,44.6902,0.6302,621.3095
sg_sand_60-100cm_mean,sand_60-100cm_mean,sand,0,196,42.2839,2.8718,36.7039,48.6639
sg_sand_60-100cm_Q0.05,sand_60-100cm_Q0.05,sand,0,194,20.1542,5.2343,6.9064,28.6223
sg_sand_60-100cm_Q0.5,sand_60-100cm_Q0.5,sand,0,197,41.8789,2.9167,35.765,49.672
sg_sand_60-100cm_Q0.95,sand_60-100cm_Q0.95,sand,0,197,64.8784,3.3068,55.2235,73.8648
sg_sand_60-100cm_uncertainty,sand_60-100cm_uncertainty,sand,0,144,4.8308,44.6872,0.8,621.4129
sg_silt_0-5cm_mean,silt_0-5cm_mean,silt,0,197,29.0015,1.626,24.7193,33.0289
sg_silt_0-5cm_Q0.05,silt_0-5cm_Q0.05,silt,0,197,7.2749,2.3744,2.6788,12.1413
sg_silt_0-5cm_Q0.5,silt_0-5cm_Q0.5,silt,0,196,27.6992,2.1455,20.0416,33.1451
sg_silt_0-5cm_Q0.95,silt_0-5cm_Q0.95,silt,0,196,56.6361,5.0627,45.5818,72.2762
sg_silt_0-5cm_uncertainty,silt_0-5cm_uncertainty,silt,0,185,5.5459,44.6592,1.2586,621.6956
sg_silt_100-200cm_mean,silt_100-200cm_mean,silt,0,196,26.2703,1.6432,22.9463,30.4377
sg_silt_100-200cm_Q0.05,silt_100-200cm_Q0.05,silt,0,194,5.7042,1.3241,3.6018,10.3504
sg_silt_100-200cm_Q0.5,silt_100-200cm_Q0.5,silt,0,197,24.5016,1.9359,18.6729,29.5206
sg_silt_100-200cm_Q0.95,silt_100-200cm_Q0.95,silt,0,197,53.7833,4.8244,46.4594,65.8449
sg_silt_100-200cm_uncertainty,silt_100-200cm_uncertainty,silt,0,183,5.7239,44.6634,1.5297,621.958
sg_silt_15-30cm_mean,silt_15-30cm_mean,silt,0,197,28.079,1.8385,23.2201,32.2819
sg_silt_15-30cm_Q0.05,silt_15-30cm_Q0.05,silt,0,195,7.4907,1.8721,3.9992,11.8
sg_silt_15-30cm_Q0.5,silt_15-30cm_Q0.5,silt,0,197,26.498,2.3269,19.6107,31.6082
sg_silt_15-30cm_Q0.95,silt_15-30cm_Q0.95,silt,0,197,53.7552,5.5103,43.6912,74.9769
sg_silt_15-30cm_uncertainty,silt_15-30cm_uncertainty,silt,0,180,5.5139,44.6666,1.3,621.799
sg_silt_30-60cm_mean,silt_30-60cm_mean,silt,0,197,27.3011,1.9309,22.9348,31.7381
sg_silt_30-60cm_Q0.05,silt_30-60cm_Q0.05,silt,0,197,7.3703,1.8428,4.0846,12.7302
sg_silt_30-60cm_Q0.5,silt_30-60cm_Q0.5,silt,0,197,25.7121,2.2848,20.5706,30.862
sg_silt_30-60cm_Q0.95,silt_30-60cm_Q0.95,silt,0,197,52.5235,5.2288,42.4755,71.5521
sg_silt_30-60cm_uncertainty,silt_30-60cm_uncertainty,silt,0,184,5.5209,44.6701,1.2293,621.8577
sg_silt_5-15cm_mean,silt_5-15cm_mean,silt,0,197,29.1205,1.6307,24.7189,32.5269
sg_silt_5-15cm_Q0.05,silt_5-15cm_Q0.05,silt,0,196,8.5364,2.1159,4.6047,14.4906
sg_silt_5-15cm_Q0.5,silt_5-15cm_Q0.5,silt,0,197,27.8087,2.0566,20.8168,33.2743
sg_silt_5-15cm_Q0.95,silt_5-15cm_Q0.95,silt,0,196,54.3498,5.4693,45.5598,75.9946
sg_silt_5-15cm_uncertainty,silt_5-15cm_uncertainty,silt,0,175,5.4105,44.6637,1.2,621.6369
sg_silt_60-100cm_mean,silt_60-100cm_mean,silt,0,197,26.3996,1.8276,22.7527,31.1937
sg_silt_60-100cm_Q0.05,silt_60-100cm_Q0.05,silt,0,196,7.0033,1.8348,3.9463,11.0662
sg_silt_60-100cm_Q0.5,silt_60-100cm_Q0.5,silt,0,197,24.8746,2.2078,19.0813,29.9133
sg_silt_60-100cm_Q0.95,silt_60-100cm_Q0.95,silt,0,197,50.575,4.4066,42.7566,64.3353
sg_silt_60-100cm_uncertainty,silt_60-100cm_uncertainty,silt,0,189,5.516,44.6702,1.3405,621.8577
sg_soc_0-5cm_mean,soc_0-5cm_mean,soc,0,197,31.5386,5.3557,22.4145,54.5765
sg_soc_0-5cm_Q0.05,soc_0-5cm_Q0.05,soc,0,182,5.2289,1.2139,3.1909,8.7521
sg_soc_0-5cm_Q0.5,soc_0-5cm_Q0.5,soc,0,194,20.7336,3.6636,14.7019,34.83
sg_soc_0-5cm_Q0.95,soc_0-5cm_Q0.95,soc,0,197,90.2155,16.5496,62.8036,154.1541
sg_soc_0-5cm_uncertainty,soc_0-5cm_uncertainty,soc,0,194,4.1309,0.5515,2.7,5.4798
sg_soc_100-200cm_mean,soc_100-200cm_mean,soc,0,197,8.602,3.8602,3.4,16.4666
sg_soc_100-200cm_Q0.05,soc_100-200cm_Q0.05,soc,0,141,0.9031,0.0946,0.6223,1
sg_soc_100-200cm_Q0.5,soc_100-200cm_Q0.5,soc,0,184,3.2985,0.6029,2.0018,4.9397
sg_soc_100-200cm_Q0.95,soc_100-200cm_Q0.95,soc,0,191,23.7483,14.8147,8.7281,52.5229
sg_soc_100-200cm_uncertainty,soc_100-200cm_uncertainty,soc,0,197,6.6012,3.5782,2.4443,15.1942
sg_soc_15-30cm_mean,soc_15-30cm_mean,soc,0,197,14.9627,3.363,9.7173,26.7413
sg_soc_15-30cm_Q0.05,soc_15-30cm_Q0.05,soc,0,121,2.0197,0.3491,1,3.3533
sg_soc_15-30cm_Q0.5,soc_15-30cm_Q0.5,soc,0,193,10.1603,1.5427,7.0705,13.4884
sg_soc_15-30cm_Q0.95,soc_15-30cm_Q0.95,soc,0,195,39.5896,10.5159,21.0504,78.4856
sg_soc_15-30cm_uncertainty,soc_15-30cm_uncertainty,soc,0,195,3.6861,0.73,2.366,6.0438
sg_soc_30-60cm_mean,soc_30-60cm_mean,soc,0,196,9.761,1.7632,6.9004,14.9471
sg_soc_30-60cm_Q0.05,soc_30-60cm_Q0.05,soc,0,140,1.7379,0.2737,1,2
sg_soc_30-60cm_Q0.5,soc_30-60cm_Q0.5,soc,0,173,6.9535,0.8843,5,8.6428
sg_soc_30-60cm_Q0.95,soc_30-60cm_Q0.95,soc,0,195,24.9894,7.4681,14.2088,62.3697
sg_soc_30-60cm_uncertainty,soc_30-60cm_uncertainty,soc,0,195,3.3132,0.8395,2.0222,9.0216
sg_soc_5-15cm_mean,soc_5-15cm_mean,soc,0,197,20.2134,3.6268,13.5511,29.9477
sg_soc_5-15cm_Q0.05,soc_5-15cm_Q0.05,soc,0,183,4.5474,1.028,2,7.9518
sg_soc_5-15cm_Q0.5,soc_5-15cm_Q0.5,soc,0,185,15.3184,2.6285,10.3336,23.8654
sg_soc_5-15cm_Q0.95,soc_5-15cm_Q0.95,soc,0,196,51.6225,11.5933,31.0634,84.3735
sg_soc_5-15cm_uncertainty,soc_5-15cm_uncertainty,soc,0,195,3.0646,0.4913,2.1043,4.6076
sg_soc_60-100cm_mean,soc_60-100cm_mean,soc,0,197,9.5808,3.6563,4.6578,17.239
sg_soc_60-100cm_Q0.05,soc_60-100cm_Q0.05,soc,0,29,1.0158,0.0581,1,1.4
sg_soc_60-100cm_Q0.5,soc_60-100cm_Q0.5,soc,0,159,4.3825,0.5973,3.0016,6
sg_soc_60-100cm_Q0.95,soc_60-100cm_Q0.95,soc,0,187,24.8596,13.5188,11.0077,54.2221
sg_soc_60-100cm_uncertainty,soc_60-100cm_uncertainty,soc,0,194,5.2906,2.5849,2.4483,12.6166
sg_Solonchaks,Solonchaks,wrb,0,85,0.648,0.7041,0,2.8858
sg_Solonetz,Solonetz,wrb,0,120,0.9387,1.0906,0,4.0925
sg_Stagnosols,Stagnosols,wrb,0,1,0,0,0,0
sg_Umbrisols,Umbrisols,wrb,0,57,0.3429,0.9396,0,7.77
sg_Vertisols,Vertisols,wrb,0,194,9.4194,3.0968,3.4568,21.5574
