edaf_grupo,sg_MostProbable,parcelas
ANDOSOL,18,1
ANDOSOL,18.000000000000004,1
ANDOSOL,18.836612668275155,1
PHAEOZEM,3.0000000000000004,1
PHAEOZEM,9.31966552109126,1
PHAEOZEM,12.718771255621919,1
PHAEOZEM,15.490701595242443,1
PHAEOZEM,16.396598679716025,1
PHAEOZEM,16.958457354588628,1
PHAEOZEM,17.639339746499044,1
PHAEOZEM,18,2
PHAEOZEM,18.018332547810125,1
PHAEOZEM,18.04539166018759,1
PHAEOZEM,18.05564553992906,1
PHAEOZEM,18.18348270949635,1
PHAEOZEM,18.280321861431275,1
PHAEOZEM,18.394968633627176,1
PHAEOZEM,18.557654883356197,1
PHAEOZEM,18.62262684538095,1
PHAEOZEM,18.68674826042112,1
PHAEOZEM,18.68907684028801,1
PHAEOZEM,18.71113442554142,1
PHAEOZEM,18.74080025259008,1
PHAEOZEM,18.861400631936903,1
PHAEOZEM,18.86455967703528,1
PHAEOZEM,19.00434166445732,1
PHAEOZEM,19.189221340664442,1
PHAEOZEM,19.288797462821865,1
PHAEOZEM,19.37401390684729,1
PHAEOZEM,19.474503189212143,1
PHAEOZEM,19.55555206727511,1
PHAEOZEM,19.662836658518955,1
PHAEOZEM,19.70761037994478,1
PHAEOZEM,19.874178669837953,1
PHAEOZEM,19.87572311967403,1
PHAEOZEM,19.924662165973043,1
PHAEOZEM,19.948774304957414,1
PHAEOZEM,19.96212903410318,1
PHAEOZEM,19.998617188231744,1
PHAEOZEM,19.999999999999993,1
PHAEOZEM,19.999999999999996,22
PHAEOZEM,20,53
PHAEOZEM,20.000000000000004,18
PHAEOZEM,20.000000000000007,3
PHAEOZEM,24.09180215041441,1
PHAEOZEM,29,1
PLANOSOL,17.738891078691655,1
PLANOSOL,19.999999999999996,5
PLANOSOL,20,20
PLANOSOL,20.000000000000004,2
UMBRISOL,4.968598728627821,1
UMBRISOL,8.46297019473855,1
UMBRISOL,10.38507781686685,1
UMBRISOL,14.426509533531092,1
UMBRISOL,17.999999999999996,1
UMBRISOL,18,6
UMBRISOL,18.027833840943547,1
UMBRISOL,18.105760468788525,1
UMBRISOL,18.24173018222155,1
UMBRISOL,18.29510522497055,1
UMBRISOL,18.555923018163355,1
UMBRISOL,18.565904034589607,1
UMBRISOL,18.690316814557907,1
UMBRISOL,18.751925022416646,1
UMBRISOL,18.753385106198948,1
UMBRISOL,20,2
UMBRISOL,20.2591655899698,1
UMBRISOL,26.13479220703605,1
VERTISOL,18.789985009871803,1
VERTISOL,19.999999999999996,1
VERTISOL,20,2
VERTISOL,20.000000000000004,2
