variable,grupo,tamano
sg_nitrogen_0-5cm_mean,1,1
sg_ocd_60-100cm_mean,2,1
sg_sand_100-200cm_mean,3,10
sg_sand_30-60cm_mean,3,10
sg_sand_60-100cm_mean,3,10
sg_sand_15-30cm_mean,3,10
sg_clay_100-200cm_mean,3,10
sg_clay_15-30cm_mean,3,10
sg_clay_30-60cm_mean,3,10
sg_clay_60-100cm_mean,3,10
sg_clay_5-15cm_mean,3,10
sg_clay_0-5cm_mean,3,10
sg_ocd_100-200cm_mean,4,1
sg_cec_100-200cm_mean,5,5
sg_cec_60-100cm_mean,5,5
sg_cec_30-60cm_mean,5,5
sg_cec_15-30cm_mean,5,5
sg_cec_5-15cm_mean,5,5
sg_phh2o_100-200cm_mean,6,6
sg_phh2o_60-100cm_mean,6,6
sg_phh2o_30-60cm_mean,6,6
sg_phh2o_15-30cm_mean,6,6
sg_phh2o_5-15cm_mean,6,6
sg_phh2o_0-5cm_mean,6,6
sg_cec_0-5cm_mean,7,1
sg_silt_0-5cm_mean,8,6
sg_silt_15-30cm_mean,8,6
sg_silt_5-15cm_mean,8,6
sg_silt_30-60cm_mean,8,6
sg_silt_60-100cm_mean,8,6
sg_silt_100-200cm_mean,8,6
sg_cfvo_15-30cm_mean,9,6
sg_cfvo_30-60cm_mean,9,6
sg_cfvo_5-15cm_mean,9,6
sg_cfvo_60-100cm_mean,9,6
sg_cfvo_0-5cm_mean,9,6
sg_cfvo_100-200cm_mean,9,6
sg_soc_60-100cm_mean,10,2
sg_soc_100-200cm_mean,10,2
sg_nitrogen_100-200cm_mean,11,2
sg_nitrogen_60-100cm_mean,11,2
sg_ocd_30-60cm_mean,12,1
sg_ocs_0-30cm_mean,13,1
sg_ocd_0-5cm_mean,14,1
sg_bdod_5-15cm_mean,15,1
sg_nitrogen_30-60cm_mean,16,1
sg_soc_30-60cm_mean,17,1
sg_ocd_15-30cm_mean,18,1
sg_nitrogen_15-30cm_mean,19,1
sg_bdod_15-30cm_mean,20,1
sg_nitrogen_5-15cm_mean,21,1
sg_soc_5-15cm_mean,22,2
sg_soc_0-5cm_mean,22,2
sg_sand_0-5cm_mean,23,2
sg_sand_5-15cm_mean,23,2
sg_bdod_100-200cm_mean,24,3
sg_bdod_60-100cm_mean,24,3
sg_bdod_30-60cm_mean,24,3
sg_ocd_5-15cm_mean,25,1
sg_bdod_0-5cm_mean,26,1
sg_soc_15-30cm_mean,27,1
