v1,v2,rho
sg_sand_30-60cm_mean,sg_sand_60-100cm_mean,0.9909632433691256
sg_clay_30-60cm_mean,sg_clay_60-100cm_mean,0.9872599540171099
sg_clay_100-200cm_mean,sg_clay_60-100cm_mean,0.9830315373217134
sg_phh2o_100-200cm_mean,sg_phh2o_60-100cm_mean,0.9810060892724571
sg_sand_100-200cm_mean,sg_sand_60-100cm_mean,0.9779948811499831
sg_bdod_100-200cm_mean,sg_bdod_60-100cm_mean,0.9777902095185572
sg_sand_0-5cm_mean,sg_sand_5-15cm_mean,0.9765884531346676
sg_cec_100-200cm_mean,sg_cec_60-100cm_mean,0.97587711037328
sg_sand_30-60cm_mean,sg_sand_15-30cm_mean,0.975292730289216
sg_clay_100-200cm_mean,sg_clay_30-60cm_mean,0.9738486582996376
sg_sand_100-200cm_mean,sg_sand_30-60cm_mean,0.9732322044617557
sg_clay_15-30cm_mean,sg_clay_60-100cm_mean,0.9714102408964607
sg_sand_60-100cm_mean,sg_sand_15-30cm_mean,0.9676760919528165
sg_clay_15-30cm_mean,sg_clay_30-60cm_mean,0.9667845539499849
sg_silt_30-60cm_mean,sg_silt_60-100cm_mean,0.9665014418170318
sg_soc_60-100cm_mean,sg_soc_100-200cm_mean,0.9659945797725513
sg_cfvo_30-60cm_mean,sg_cfvo_60-100cm_mean,0.9641041213363805
sg_cec_60-100cm_mean,sg_cec_30-60cm_mean,0.9620034384682487
sg_silt_15-30cm_mean,sg_silt_30-60cm_mean,0.9581085369723896
sg_cec_15-30cm_mean,sg_cec_5-15cm_mean,0.957149608780129
sg_silt_100-200cm_mean,sg_silt_60-100cm_mean,0.9568972701344284
sg_cfvo_5-15cm_mean,sg_cfvo_0-5cm_mean,0.9562089458867687
sg_clay_0-5cm_mean,sg_clay_5-15cm_mean,0.9547294566758524
sg_clay_15-30cm_mean,sg_clay_100-200cm_mean,0.953779661133042
sg_phh2o_60-100cm_mean,sg_phh2o_30-60cm_mean,0.9521681172787267
sg_silt_0-5cm_mean,sg_silt_5-15cm_mean,0.9500946370799265
sg_silt_15-30cm_mean,sg_silt_5-15cm_mean,0.9467840516542652
sg_phh2o_15-30cm_mean,sg_phh2o_5-15cm_mean,0.9451395253239243
sg_silt_15-30cm_mean,sg_silt_60-100cm_mean,0.940674309172148
sg_phh2o_100-200cm_mean,sg_phh2o_30-60cm_mean,0.940450460660983
sg_cec_30-60cm_mean,sg_cec_15-30cm_mean,0.9378066572448166
sg_cec_100-200cm_mean,sg_cec_30-60cm_mean,0.937287166216162
sg_phh2o_30-60cm_mean,sg_phh2o_15-30cm_mean,0.9359515485278181
sg_sand_100-200cm_mean,sg_sand_15-30cm_mean,0.9348327638745464
sg_soc_5-15cm_mean,sg_soc_0-5cm_mean,0.932112450312679
sg_phh2o_5-15cm_mean,sg_phh2o_0-5cm_mean,0.9309718314167535
sg_silt_0-5cm_mean,sg_silt_15-30cm_mean,0.9213085260132102
sg_cfvo_60-100cm_mean,sg_cfvo_100-200cm_mean,0.9201725616089522
sg_silt_100-200cm_mean,sg_silt_30-60cm_mean,0.9199419619470888
sg_cfvo_15-30cm_mean,sg_cfvo_5-15cm_mean,0.9191806186913369
sg_cfvo_15-30cm_mean,sg_cfvo_30-60cm_mean,0.912463555020788
sg_silt_60-100cm_mean,sg_silt_5-15cm_mean,0.9108562087175704
sg_clay_60-100cm_mean,sg_clay_5-15cm_mean,0.9101027651379371
sg_bdod_30-60cm_mean,sg_bdod_60-100cm_mean,0.9089713513397154
sg_clay_15-30cm_mean,sg_clay_5-15cm_mean,0.9065821287749234
sg_sand_100-200cm_mean,sg_clay_100-200cm_mean,-0.9057601903244143
sg_nitrogen_100-200cm_mean,sg_nitrogen_60-100cm_mean,0.9039689398243514
sg_silt_30-60cm_mean,sg_silt_5-15cm_mean,0.9026276915630299
