componente,varianza,acumulada
PC1,0.3889372002202413,0.3889372002202413
PC2,0.23213295724106187,0.6210701574613031
PC3,0.10551509393850952,0.7265852513998127
PC4,0.056117047001950346,0.7827022984017631
PC5,0.046394141610457476,0.8290964400122205
PC6,0.03270534326080245,0.8618017832730229
PC7,0.024717392179138035,0.886519175452161
PC8,0.01571235955759002,0.9022315350097511
PC9,0.01334510860307167,0.9155766436128226
PC10,0.01078038286898682,0.9263570264818095
PC11,0.009479478283594276,0.9358365047654038
PC12,0.00769540941790466,0.9435319141833084
PC13,0.006957089505260764,0.9504890036885693
PC14,0.0055987783185628606,0.9560877820071321
PC15,0.004466087041283343,0.9605538690484154
PC16,0.0042647723872679295,0.9648186414356833
PC17,0.003758293689764229,0.9685769351254476
PC18,0.003280968931437724,0.9718579040568853
PC19,0.0030393413396624866,0.9748972453965478
PC20,0.002788667127563029,0.9776859125241109
PC21,0.002552958403629869,0.9802388709277406
PC22,0.002046507881615871,0.9822853788093565
PC23,0.0018137394242790685,0.9840991182336356
PC24,0.0015485912964377775,0.9856477095300734
PC25,0.0015250253401742223,0.9871727348702476
PC26,0.0012790164981281629,0.9884517513683758
PC27,0.0011675218470002015,0.989619273215376
PC28,0.0010543633018571474,0.9906736365172332
PC29,9.59913432465903e-4,0.991633549949699
PC30,9.429526617397813e-4,0.9925765026114388
PC31,8.546153444994705e-4,0.9934311179559383
PC32,8.450227179483639e-4,0.9942761406738867
PC33,6.293410364482296e-4,0.9949054817103349
PC34,5.644766254649745e-4,0.9954699583357999
PC35,4.6744587354187293e-4,0.9959374042093417
PC36,4.3356608246461833e-4,0.9963709702918063
PC37,3.973997484095927e-4,0.9967683700402159
PC38,3.66267847922956e-4,0.9971346378881389
PC39,3.5162917345578186e-4,0.9974862670615947
PC40,2.989221035938938e-4,0.9977851891651885
PC41,2.792655841802198e-4,0.9980644547493688
PC42,2.635703410734537e-4,0.9983280250904423
PC43,2.274811796311337e-4,0.9985555062700734
PC44,2.186245621006881e-4,0.998774130832174
PC45,1.6843774089764474e-4,0.9989425685730717
PC46,1.621818465048894e-4,0.9991047504195766
PC47,1.4819420065640069e-4,0.999252944620233
PC48,1.4110036813447626e-4,0.9993940449883675
PC49,1.236495043657705e-4,0.9995176944927332
PC50,1.0315465491814689e-4,0.9996208491476514
PC51,9.752659252794561e-5,0.9997183757401793
PC52,8.866738506910216e-5,0.9998070431252485
PC53,6.818028282057848e-5,0.999875223408069
PC54,6.77883038875105e-5,0.9999430117119565
PC55,5.3712327385005495e-5,0.9999967240393416
PC56,9.022542327910807e-7,0.9999976262935744
PC57,6.733236839975227e-7,0.9999982996172583
PC58,5.697422058942548e-7,0.9999988693594642
PC59,4.080172201529993e-7,0.9999992773766844
PC60,3.848654598991029e-7,0.9999996622421443
PC61,3.377578557533007e-7,1
