variable,capa,servicio,estadistico,profundidad,n,rho_global,p_global,rho_intra_estado,p_intra,p_global_bh,p_intra_bh,n_distintos,grupo,tamano,es_representante,recomendacion
sg_nitrogen_0-5cm_Q0.95,nitrogen_0-5cm_Q0.95,nitrogen,Q0.95,0-5cm,138,0.6023427364698479,5.484533004203149e-15,0.33521071487848586,5.846407873164319e-5,8.939788796851134e-13,0.01905928966651568,136,,,FALSE,redundante_de_incluido
sg_Nitisols,Nitisols,wrb,otro,,138,-0.08810057300323072,0.304169492334294,-0.30451617498053746,2.8194182158563895e-4,0.36999721828723825,0.04438212450072014,109,,,FALSE,redundante_de_incluido
sg_soc_100-200cm_Q0.5,soc_100-200cm_Q0.5,soc,Q0.5,100-200cm,138,0.5965502413726893,1.1569150126338191e-14,0.29038102758513695,5.504358556052786e-4,1.2571809803954169e-12,0.04438212450072014,130,,,FALSE,redundante_de_incluido
sg_cec_30-60cm_Q0.5,cec_30-60cm_Q0.5,cec,Q0.5,30-60cm,138,-0.2928338885857122,4.912978203392322e-4,-0.2844170793439146,7.226066291401331e-4,0.00113846895734086,0.04438212450072014,137,,,FALSE,redundante_de_incluido
sg_Vertisols,Vertisols,wrb,otro,,138,-0.5047170252030228,2.751149872516742e-10,-0.2828905967024731,7.740010095865889e-4,6.8990373726189095e-9,0.04438212450072014,137,,,FALSE,redundante_de_incluido
sg_Acrisols,Acrisols,wrb,otro,,138,0.22642681707098292,0.00757396241538176,0.2749829345895727,0.00109813625306076,0.01364150136693069,0.04438212450072014,111,,,FALSE,redundante_de_incluido
sg_cec_5-15cm_uncertainty,cec_5-15cm_uncertainty,cec,uncertainty,5-15cm,138,0.4903076352507452,1.033193749249094e-9,0.2709509529093914,0.00130741044125957,1.8712286791955815e-8,0.04438212450072014,132,,,FALSE,redundante_de_incluido
sg_clay_30-60cm_Q0.95,clay_30-60cm_Q0.95,clay,Q0.95,30-60cm,138,0.07663567046815667,0.3716476785154367,-0.2708292465380606,0.00131425887607928,0.43739040864993634,0.04438212450072014,138,,,FALSE,redundante_de_incluido
sg_nitrogen_0-5cm_uncertainty,nitrogen_0-5cm_uncertainty,nitrogen,uncertainty,0-5cm,138,0.2057787638299184,0.01546350796390815,0.27004543972922684,0.00135915378661675,0.02625574789705239,0.04438212450072014,138,,,FALSE,redundante_de_incluido
sg_cec_0-5cm_Q0.5,cec_0-5cm_Q0.5,cec,Q0.5,0-5cm,138,-0.3806868236466162,4.104386158845633e-6,-0.2700065921614421,0.00136141486198528,1.939173750411125e-5,0.04438212450072014,138,,,FALSE,redundante_de_incluido
sg_cec_60-100cm_Q0.5,cec_60-100cm_Q0.5,cec,Q0.5,60-100cm,138,-0.01142469342820299,0.8941986551832033,-0.2601676227655777,0.00205803316413288,0.9025039058505396,0.05796228110405529,135,,,FALSE,redundante_de_incluido
sg_clay_60-100cm_Q0.95,clay_60-100cm_Q0.95,clay,Q0.95,60-100cm,138,0.08485382572017539,0.3224059329094523,-0.25929151890598534,0.00213358089953577,0.3892753115869684,0.05796228110405529,138,,,FALSE,redundante_de_incluido
sg_cec_5-15cm_Q0.5,cec_5-15cm_Q0.5,cec,Q0.5,5-15cm,138,-0.30360768026907575,2.946321079180061e-4,-0.25635717643416706,0.00240528657290871,7.183933096843389e-4,0.05914938391656608,134,,,FALSE,redundante_de_incluido
sg_clay_15-30cm_Q0.95,clay_15-30cm_Q0.95,clay,Q0.95,15-30cm,138,0.2016882196886124,0.01768344688067232,-0.2539194186662523,0.0026544200844764,0.02971548290257307,0.05914938391656608,137,,,FALSE,redundante_de_incluido
sg_ocs_0-30cm_Q0.5,ocs_0-30cm_Q0.5,ocs,Q0.5,0-30cm,138,0.2690873868751884,0.00141592729677365,0.25329756771190065,0.00272159741947389,0.00292147024524185,0.05914938391656608,138,,,FALSE,redundante_de_incluido
sg_nitrogen_0-5cm_mean,nitrogen_0-5cm_mean,nitrogen,mean,0-5cm,138,0.6545513564478109,3.123634025490223e-18,0.24324747341087724,0.00404246404329226,1.0183046923098129e-15,0.08236520488207982,138,1,1,TRUE,incluir
sg_cfvo_30-60cm_uncertainty,cfvo_30-60cm_uncertainty,cfvo,uncertainty,30-60cm,138,-0.4227522474950616,2.400363979958094e-7,-0.2365999690175901,0.00520730353276793,1.8631396606341391e-6,0.09882238833934176,138,,,FALSE,redundante_de_incluido
sg_cec_15-30cm_uncertainty,cec_15-30cm_uncertainty,cec,uncertainty,15-30cm,138,0.4166394284126011,3.716066953088581e-7,0.2353534841976674,0.0054564508899023,2.523828805639328e-6,0.09882238833934176,132,,,FALSE,redundante_de_incluido
sg_cec_15-30cm_Q0.5,cec_15-30cm_Q0.5,cec,Q0.5,15-30cm,138,-0.19282028925422412,0.02346187013687707,-0.23109416138475744,0.00639005553870781,0.0376776830769553,0.10963990029572351,137,,,FALSE,descartar
sg_cec_100-200cm_Q0.5,cec_100-200cm_Q0.5,cec,Q0.5,100-200cm,138,0.02961074435183498,0.7302754818371087,-0.2284494808659448,0.00703890246284999,0.7729539190873294,0.10985207856653276,134,,,FALSE,descartar
sg_silt_100-200cm_Q0.95,silt_100-200cm_Q0.95,silt,Q0.95,100-200cm,138,0.3969401017396955,1.43478059199775e-6,0.2277358681095251,0.00722371619902021,7.927770728665534e-6,0.10985207856653276,138,,,FALSE,descartar
sg_Lixisols,Lixisols,wrb,otro,,138,-0.16291741394657458,0.0562345041333297,-0.2260207641433403,0.00768562272313149,0.08467543790238327,0.10985207856653276,94,,,FALSE,descartar
sg_Regosols,Regosols,wrb,otro,,138,0.23609991616851445,0.00530600649437275,0.22578795037276217,0.00775030002156519,0.0100567332393344,0.10985207856653276,130,,,FALSE,descartar
sg_cec_0-5cm_uncertainty,cec_0-5cm_uncertainty,cec,uncertainty,0-5cm,138,0.5612256928448843,8.066869859335432e-13,0.22388869609861,0.00829619718169494,3.7568565344905007e-11,0.11269001171802295,136,,,FALSE,solo_control_calidad
sg_Fluvisols,Fluvisols,wrb,otro,,138,0.1296398614527554,0.12965243064218038,0.221114895701508,0.0091545740864682,0.1775911444930706,0.11663691897619724,128,,,FALSE,descartar
sg_ocs_0-30cm_uncertainty,ocs_0-30cm_uncertainty,ocs,uncertainty,0-30cm,138,0.08864946034241898,0.3011547869704204,-0.21971270278644797,0.00961761743964217,0.3690844381667559,0.11663691897619724,138,,,FALSE,solo_control_calidad
sg_ocd_60-100cm_mean,ocd_60-100cm_mean,ocd,mean,60-100cm,138,0.03374202496012582,0.6944040409351913,-0.21958701947890905,0.00966011292134148,0.7471145786959483,0.11663691897619724,138,2,1,TRUE,considerar
sg_cfvo_15-30cm_uncertainty,cfvo_15-30cm_uncertainty,cfvo,uncertainty,15-30cm,138,-0.5261020989311515,3.4330528006964376e-11,-0.2180059438265894,0.01020900927478247,1.1191752130270387e-9,0.11886203655639592,137,,,FALSE,solo_control_calidad
sg_sand_60-100cm_Q0.05,sand_60-100cm_Q0.05,sand,Q0.05,60-100cm,138,-0.1415608600960065,0.09768361068104264,0.2135247575094235,0.01191666382602604,0.13845590035660826,0.1339597381822238,137,,,FALSE,descartar
sg_bdod_100-200cm_Q0.95,bdod_100-200cm_Q0.95,bdod,Q0.95,100-200cm,138,0.05980332931050192,0.4859505888915896,0.21238190798674644,0.01239036486633882,0.5539157062190846,0.13464196488088187,125,,,FALSE,descartar
sg_cec_30-60cm_uncertainty,cec_30-60cm_uncertainty,cec,uncertainty,30-60cm,138,0.4201724498235707,2.889607179231063e-7,0.21060457156142368,0.0131598358578593,2.088976651307457e-6,0.13839053192458498,136,,,FALSE,solo_control_calidad
sg_cec_15-30cm_Q0.05,cec_15-30cm_Q0.05,cec,Q0.05,15-30cm,138,-0.3846757645006528,3.1876194437662646e-6,-0.20650837407746211,0.01509414457376557,1.5509909532355257e-5,0.1520309985995879,125,,,FALSE,descartar
sg_cec_0-5cm_Q0.05,cec_0-5cm_Q0.05,cec,Q0.05,0-5cm,138,-0.19794018962733909,0.01995486756930674,-0.2059234517956644,0.01538964096253497,0.03268988355574873,0.1520309985995879,124,,,FALSE,descartar
sg_nitrogen_100-200cm_Q0.95,nitrogen_100-200cm_Q0.95,nitrogen,Q0.95,100-200cm,138,0.47412533762095904,4.251646776522246e-9,0.20431363094181823,0.01622904926485973,5.330910958254816e-8,0.15560794295130218,132,,,FALSE,descartar
sg_phh2o_60-100cm_Q0.95,phh2o_60-100cm_Q0.95,phh2o,Q0.95,60-100cm,138,0.09853335915794376,0.2502358825418678,-0.20313338851698068,0.01686947925140531,0.3125551636346701,0.1571271495988038,126,,,FALSE,descartar
sg_clay_100-200cm_Q0.95,clay_100-200cm_Q0.95,clay,Q0.95,100-200cm,138,0.02388344172489513,0.7809704763725368,-0.2004305982589274,0.01841926547260778,0.8160140233892532,0.16615582806597684,138,,,FALSE,descartar
sg_sand_30-60cm_Q0.05,sand_30-60cm_Q0.05,sand,Q0.05,30-60cm,138,-0.17902992529827078,0.03564086493519904,0.1993133869298954,0.01909501340516336,0.05532819985178518,0.16615582806597684,137,,,FALSE,descartar
sg_soc_60-100cm_Q0.05,soc_60-100cm_Q0.05,soc,Q0.05,60-100cm,138,0.2377320295427011,0.00498988796182137,0.19887196413437216,0.01936785725922429,0.00951288582195186,0.16615582806597684,21,,,FALSE,descartar
sg_cec_5-15cm_Q0.05,cec_5-15cm_Q0.05,cec,Q0.05,5-15cm,138,-0.22358555741055244,0.0083864061489996,-0.19753911551352543,0.020212231198333,0.01493971805778071,0.1689535223245272,129,,,FALSE,descartar
sg_cfvo_15-30cm_Q0.5,cfvo_15-30cm_Q0.5,cfvo,Q0.5,15-30cm,138,0.5001886789510858,4.1975752028041446e-10,0.18965398238665357,0.02588550324362387,9.504299720593869e-9,0.1965957804959189,134,,,FALSE,descartar
sg_cfvo_30-60cm_Q0.5,cfvo_30-60cm_Q0.5,cfvo,Q0.5,30-60cm,138,0.3984677333021525,1.2960476564764135e-6,0.1895546382468475,0.02596488673432046,7.2846816553674284e-6,0.1965957804959189,137,,,FALSE,descartar
sg_sand_15-30cm_Q0.05,sand_15-30cm_Q0.05,sand,Q0.05,15-30cm,138,-0.29431840472576254,4.584122195209212e-4,0.18861408219922027,0.02672683159914507,0.00109082031798408,0.1965957804959189,138,,,FALSE,descartar
sg_phh2o_30-60cm_Q0.95,phh2o_30-60cm_Q0.95,phh2o,Q0.95,30-60cm,138,0.1575533207816458,0.06495882192904773,-0.18744036645167828,0.02770437061318248,0.0966966938304546,0.1965957804959189,129,,,FALSE,descartar
sg_Leptosols,Leptosols,wrb,otro,,138,0.4262889821858735,1.8566759216099565e-7,0.18600906065908968,0.02893755967210567,1.5131908761121149e-6,0.1965957804959189,134,,,FALSE,descartar
sg_Alisols,Alisols,wrb,otro,,138,0.3815917732248952,3.8767604232449865e-6,0.1857486797638123,0.02916685113971544,1.858564555849802e-5,0.1965957804959189,65,,,FALSE,descartar
sg_sand_100-200cm_mean,sand_100-200cm_mean,sand,mean,100-200cm,138,0.02008094338724059,0.8151592460425046,0.18558625706305473,0.02931066220757958,0.8409554247147357,0.1965957804959189,138,3,10,TRUE,considerar
sg_sand_100-200cm_Q0.95,sand_100-200cm_Q0.95,sand,Q0.95,100-200cm,138,0.03922160253785287,0.6478619846980868,0.1852574067988973,0.02960367828645657,0.7044621590704948,0.1965957804959189,137,,,FALSE,descartar
sg_ocd_100-200cm_mean,ocd_100-200cm_mean,ocd,mean,100-200cm,138,0.1332184607308564,0.1193093241821708,-0.18453364507324377,0.03025735826154018,0.16550995609952202,0.1965957804959189,136,4,1,TRUE,considerar
sg_ocd_100-200cm_Q0.5,ocd_100-200cm_Q0.5,ocd,Q0.5,100-200cm,138,-0.2830051757096496,7.700298356197771e-4,-0.18382482513733628,0.03090939018309472,0.00173123949249687,0.1965957804959189,126,,,FALSE,descartar
sg_bdod_15-30cm_Q0.05,bdod_15-30cm_Q0.05,bdod,Q0.05,15-30cm,138,-0.30774055416176505,2.4087758407665213e-4,-0.18374449205248997,0.03098403429646869,6.087293985192915e-4,0.1965957804959189,128,,,FALSE,descartar
sg_soc_0-5cm_uncertainty,soc_0-5cm_uncertainty,soc,uncertainty,0-5cm,138,-0.18188409021491148,0.0327559772836543,-0.1835801040162355,0.03113725783182484,0.05133869516572741,0.1965957804959189,137,,,FALSE,solo_control_calidad
sg_cec_100-200cm_mean,cec_100-200cm_mean,cec,mean,100-200cm,138,0.00283700560852462,0.9736552960902736,-0.18334359061295827,0.03135883615272326,0.9736552960902736,0.1965957804959189,137,5,5,TRUE,considerar
sg_sand_100-200cm_Q0.5,sand_100-200cm_Q0.5,sand,Q0.5,100-200cm,138,0.10692067076631136,0.21196144360690403,0.1825424358695661,0.03211936701639195,0.27312027911403447,0.19756440844044865,138,,,FALSE,descartar
sg_cec_60-100cm_mean,cec_60-100cm_mean,cec,mean,60-100cm,138,-0.01632427769444863,0.84928154693375435,-0.18119959447249995,0.03342917158311106,0.859831628262124,0.2018131469647075,136,5,5,FALSE,descartar
sg_cec_30-60cm_mean,cec_30-60cm_mean,cec,mean,30-60cm,138,-0.04678766005116443,0.5858018571132111,-0.17984138733300178,0.03479965009937031,0.6473983719596131,0.20285870947529883,138,5,5,FALSE,descartar
sg_phh2o_100-200cm_mean,phh2o_100-200cm_mean,phh2o,mean,100-200cm,138,-0.21580855151427364,0.01101740177364255,-0.17979537705061,0.03484689487919244,0.01910464350110358,0.20285870947529883,119,6,6,TRUE,considerar
sg_nitrogen_100-200cm_Q0.5,nitrogen_100-200cm_Q0.5,nitrogen,Q0.5,100-200cm,138,-0.18145244880545988,0.0331791411544754,0.17812482342086342,0.03659932601648685,0.05175311012611952,0.20932246107674937,127,,,FALSE,descartar
sg_clay_15-30cm_mean,clay_15-30cm_mean,clay,mean,15-30cm,138,-0.11253061416217716,0.1888161751553726,-0.17384972128996326,0.04142494608033587,0.2482019076639172,0.2328367658998189,138,3,10,FALSE,descartar
sg_cec_0-5cm_mean,cec_0-5cm_mean,cec,mean,0-5cm,138,0.06625544486169539,0.4400584341867211,-0.17151429692078504,0.04427893080788012,0.5087200338470605,0.24045324986402108,138,7,1,TRUE,considerar
sg_cfvo_60-100cm_uncertainty,cfvo_60-100cm_uncertainty,cfvo,uncertainty,60-100cm,138,-0.34973375504846443,2.615007848068114e-5,-0.1714594532956771,0.04434787605013261,9.069069770959628e-5,0.24045324986402108,138,,,FALSE,solo_control_calidad
sg_clay_5-15cm_Q0.05,clay_5-15cm_Q0.05,clay,Q0.05,5-15cm,138,-0.10564401969987862,0.21750041085147567,0.17094986461238287,0.04499278601750087,0.2791540706203979,0.24045324986402108,138,,,FALSE,descartar
sg_sand_60-100cm_Q0.5,sand_60-100cm_Q0.5,sand,Q0.5,60-100cm,138,0.10972793036938122,0.20013787891106388,0.16902119712942157,0.0475048347649173,0.262027905722919,0.24978348602198452,138,,,FALSE,descartar
sg_cfvo_0-5cm_uncertainty,cfvo_0-5cm_uncertainty,cfvo,uncertainty,0-5cm,138,-0.35936583567513447,1.4999161377406248e-5,-0.16665606579664322,0.05074346890926708,5.556507510266405e-5,0.26257731530827094,138,,,FALSE,solo_control_calidad
sg_cec_60-100cm_Q0.05,cec_60-100cm_Q0.05,cec,Q0.05,60-100cm,138,-0.13461158022714978,0.11546026739902336,-0.16313299228314068,0.05590510871115573,0.1608549024447932,0.27892703715407074,127,,,FALSE,descartar
sg_sand_30-60cm_mean,sand_30-60cm_mean,sand,mean,30-60cm,138,-0.02562453753413407,0.7654504767071634,0.163056952898937,0.05602111208438993,0.8023693099888594,0.27892703715407074,138,3,10,FALSE,descartar
sg_Ferralsols,Ferralsols,wrb,otro,,138,-0.31770963105724814,1.4636310336909512e-4,-0.1623340689453859,0.05713385276911186,3.9110140736331976e-4,0.27892703715407074,32,,,FALSE,descartar
sg_phh2o_60-100cm_mean,phh2o_60-100cm_mean,phh2o,mean,60-100cm,138,-0.18446965534598372,0.03031573746704986,-0.1612806389656021,0.05878789926957992,0.04774362518965341,0.27892703715407074,117,6,6,FALSE,descartar
sg_silt_0-5cm_mean,silt_0-5cm_mean,silt,mean,0-5cm,138,0.34236670050740087,3.952573762944664e-5,0.1610802972440063,0.05910687381544674,1.2559609912419226e-4,0.27892703715407074,138,8,6,TRUE,considerar
sg_sand_100-200cm_Q0.05,sand_100-200cm_Q0.05,sand,Q0.05,100-200cm,138,-0.02598262434936278,0.7622698053982155,0.16104848897938925,0.05915764785916821,0.8016127630961879,0.27892703715407074,137,,,FALSE,descartar
sg_phh2o_30-60cm_Q0.05,phh2o_30-60cm_Q0.05,phh2o,Q0.05,30-60cm,138,-0.4227890834916182,2.393987741455922e-7,-0.16059073708167218,0.05989230859136488,1.8631396606341391e-6,0.27892703715407074,115,,,FALSE,descartar
sg_ocd_5-15cm_uncertainty,ocd_5-15cm_uncertainty,ocd,uncertainty,5-15cm,138,-0.02779137405616025,0.7462653900997117,-0.15925326721400934,0.06208182778869654,0.787322062046945,0.2850517726635926,134,,,FALSE,solo_control_calidad
sg_sand_60-100cm_mean,sand_60-100cm_mean,sand,mean,60-100cm,138,-0.01053580315577565,0.9023879979906884,0.15823299904048763,0.06379574596773856,0.9079582942745816,0.2888529609094829,138,3,10,FALSE,descartar
sg_sand_30-60cm_Q0.5,sand_30-60cm_Q0.5,sand,Q0.5,30-60cm,138,0.07073745102503189,0.4096828794340982,0.1561786482499874,0.06736406391851447,0.4752904579911602,0.30083129914295503,138,,,FALSE,descartar
sg_soc_0-5cm_Q0.05,soc_0-5cm_Q0.05,soc,Q0.05,0-5cm,138,0.33064285466079474,7.468775715473433e-5,0.15445972165026786,0.07047309005254776,2.1935323272471527e-4,0.3104625318531158,128,,,FALSE,descartar
sg_ocd_60-100cm_Q0.95,ocd_60-100cm_Q0.95,ocd,Q0.95,60-100cm,138,0.20131300281780748,0.01790026736572139,-0.1532218377115192,0.07278336581358806,0.0298989058409671,0.31636503006972944,137,,,FALSE,descartar
sg_sand_15-30cm_Q0.5,sand_15-30cm_Q0.5,sand,Q0.5,15-30cm,138,0.02248553168620264,0.7934944221095067,0.15217734876815656,0.0747800484133712,0.8238190497060484,0.316767045618771,138,,,FALSE,descartar
sg_cfvo_0-5cm_Q0.95,cfvo_0-5cm_Q0.95,cfvo,Q0.95,0-5cm,138,0.00487781932046329,0.95472002596971,-0.15146226939728274,0.07617236154998185,0.9576576260496168,0.316767045618771,137,,,FALSE,descartar
sg_cfvo_15-30cm_mean,cfvo_15-30cm_mean,cfvo,mean,15-30cm,138,0.4205192520813728,2.8186939078420076e-7,0.15132498742793787,0.0764420374652496,2.088976651307457e-6,0.316767045618771,138,9,6,TRUE,considerar
sg_Durisols,Durisols,wrb,otro,,138,-0.01735633643183907,0.8398765220917581,-0.15116232518660844,0.07676256626957947,0.8546536739085637,0.316767045618771,122,,,FALSE,descartar
sg_soc_60-100cm_Q0.5,soc_60-100cm_Q0.5,soc,Q0.5,60-100cm,138,0.4781824349590556,3.0027125202772613e-9,0.14944270391180664,0.0802178044373266,4.256018615697336e-8,0.32383674413143915,113,,,FALSE,descartar
sg_silt_0-5cm_Q0.5,silt_0-5cm_Q0.5,silt,Q0.5,0-5cm,138,0.3424650804282909,3.931095927265576e-5,0.14932319511149938,0.08046250390995881,1.2559609912419226e-4,0.32383674413143915,138,,,FALSE,descartar
sg_cfvo_100-200cm_Q0.95,cfvo_100-200cm_Q0.95,cfvo,Q0.95,100-200cm,138,-0.03996540067613462,0.6416430714911537,-0.14882605156904558,0.08148686890819293,0.7029280547712867,0.3239599910252548,134,,,FALSE,descartar
sg_Calcisols,Calcisols,wrb,otro,,138,0.27575479788908647,0.00106175274419388,-0.14639974814716553,0.08663735280318774,0.00232302949400809,0.34028647004625545,103,,,FALSE,descartar
sg_ocd_30-60cm_Q0.05,ocd_30-60cm_Q0.05,ocd,Q0.05,30-60cm,138,-0.11501364772474912,0.1791822762807728,0.14470573081625754,0.090385060268501,0.23649158731794304,0.34591822903241787,135,,,FALSE,descartar
sg_phh2o_30-60cm_mean,phh2o_30-60cm_mean,phh2o,mean,30-60cm,138,-0.08606383709934985,0.3155286979983375,-0.14448740121798648,0.09087731930099516,0.3823879388381339,0.34591822903241787,107,6,6,FALSE,descartar
sg_soc_100-200cm_Q0.05,soc_100-200cm_Q0.05,soc,Q0.05,100-200cm,138,0.11973563709245222,0.1618673106347723,0.1441474855813271,0.09164795486254042,0.2162653412579335,0.34591822903241787,101,,,FALSE,descartar
sg_soc_60-100cm_mean,soc_60-100cm_mean,soc,mean,60-100cm,138,0.5067526845991449,2.2706604189902257e-10,0.14385482865803212,0.09231560099944894,6.168627471590114e-9,0.34591822903241787,138,10,2,TRUE,considerar
sg_phh2o_100-200cm_Q0.95,phh2o_100-200cm_Q0.95,phh2o,Q0.95,100-200cm,138,0.09376584570543516,0.2740023004534594,-0.14261967605342946,0.09517604608853888,0.34093416010621286,0.3525839889189054,121,,,FALSE,descartar
sg_sand_15-30cm_mean,sand_15-30cm_mean,sand,mean,15-30cm,138,-0.07392001145630801,0.388883156899249,0.1406831996073432,0.09980147922020664,0.4543939396027067,0.35593513147304273,137,3,10,FALSE,descartar
sg_sand_15-30cm_uncertainty,sand_15-30cm_uncertainty,sand,uncertainty,15-30cm,138,0.23335907917997284,0.00587727317062047,-0.13997336091666857,0.10154073225538184,0.01094852030641299,0.35593513147304273,108,,,FALSE,solo_control_calidad
sg_cfvo_5-15cm_uncertainty,cfvo_5-15cm_uncertainty,cfvo,uncertainty,5-15cm,138,-0.4074438742235535,7.057143325269977e-7,-0.13951989712346155,0.1026642488695038,4.511036713800025e-6,0.35593513147304273,138,,,FALSE,solo_control_calidad
sg_phh2o_100-200cm_Q0.5,phh2o_100-200cm_Q0.5,phh2o,Q0.5,100-200cm,138,-0.2331532091496051,0.00592231808028556,-0.13927013127820814,0.1032872402589624,0.01096974826234713,0.35593513147304273,124,,,FALSE,descartar
sg_silt_60-100cm_Q0.95,silt_60-100cm_Q0.95,silt,Q0.95,60-100cm,138,0.3064992116750241,2.559812101502241e-4,0.139259389904199,0.10331409899909308,6.41922111607485e-4,0.35593513147304273,138,,,FALSE,descartar
sg_nitrogen_0-5cm_Q0.5,nitrogen_0-5cm_Q0.5,nitrogen,Q0.5,0-5cm,138,0.5657371669355297,4.823601090734549e-13,0.1392296829405989,0.10338840967357069,3.0240135130595195e-11,0.35593513147304273,138,,,FALSE,descartar
sg_cfvo_60-100cm_Q0.5,cfvo_60-100cm_Q0.5,cfvo,Q0.5,60-100cm,138,0.3253667631682179,9.863525356746788e-5,0.13891953675148455,0.1041667384450857,2.796095014173438e-4,0.35593513147304273,136,,,FALSE,descartar
sg_silt_15-30cm_mean,silt_15-30cm_mean,silt,mean,15-30cm,138,0.4184578495529572,3.265967949386219e-7,0.13847329794431906,0.10529466608125214,2.265330960638101e-6,0.35593513147304273,138,8,6,FALSE,descartar
sg_bdod_0-5cm_Q0.95,bdod_0-5cm_Q0.95,bdod,Q0.95,0-5cm,138,-0.39472870173086,1.6608448304773493e-6,-0.13823258033007146,0.1059070789965802,8.732829269929288e-6,0.35593513147304273,126,,,FALSE,descartar
sg_soc_100-200cm_uncertainty,soc_100-200cm_uncertainty,soc,uncertainty,100-200cm,138,0.3445905443005418,3.492976688681328e-5,-0.13688740311828215,0.10938093892413348,1.17392824794857e-4,0.3616693635774038,138,,,FALSE,solo_control_calidad
sg_phh2o_60-100cm_Q0.5,phh2o_60-100cm_Q0.5,phh2o,Q0.5,60-100cm,138,-0.2344454779021577,0.00564458660755216,-0.13642449914682558,0.11059675866771038,0.01058254898346815,0.3616693635774038,117,,,FALSE,descartar
sg_Planosols,Planosols,wrb,otro,,138,-0.03917194318878704,0.6482780604943204,-0.13629395954396803,0.11094152256975578,0.7044621590704948,0.3616693635774038,95,,,FALSE,descartar
sg_bdod_15-30cm_Q0.95,bdod_15-30cm_Q0.95,bdod,Q0.95,15-30cm,138,-0.08970288576018809,0.29542427190326764,-0.13567323134993134,0.11259240177241972,0.3648042145472168,0.3625568201729256,129,,,FALSE,descartar
sg_cec_30-60cm_Q0.05,cec_30-60cm_Q0.05,cec,Q0.05,30-60cm,138,-0.4040535492915173,8.897072110699493e-7,-0.13535802351852572,0.11343802348968836,5.371195385348213e-6,0.3625568201729256,123,,,FALSE,descartar
sg_ocd_5-15cm_Q0.05,ocd_5-15cm_Q0.05,ocd,Q0.05,5-15cm,138,0.30356992936025967,2.951707064630842e-4,0.1333756582458795,0.11887008903060443,7.183933096843389e-4,0.3762296021745344,134,,,FALSE,descartar
sg_soc_5-15cm_uncertainty,soc_5-15cm_uncertainty,soc,uncertainty,5-15cm,138,0.17043673836166812,0.04565005617895845,-0.13171526445297063,0.1235732536285695,0.06986816110018992,0.38430024251437206,136,,,FALSE,solo_control_calidad
sg_clay_0-5cm_Q0.05,clay_0-5cm_Q0.05,clay,Q0.05,0-5cm,138,-0.05016689593847836,0.5589948038311584,0.13125222063844502,0.12491013878287811,0.6240832398936905,0.38430024251437206,138,,,FALSE,descartar
sg_sand_60-100cm_Q0.95,sand_60-100cm_Q0.95,sand,Q0.95,60-100cm,138,-0.03207185421013315,0.708829851468482,0.13123622458112189,0.1249565205721578,0.7583116513367462,0.38430024251437206,138,,,FALSE,descartar
sg_clay_100-200cm_Q0.5,clay_100-200cm_Q0.5,clay,Q0.5,100-200cm,138,-0.19577146676078427,0.02138091851416695,-0.13070835468945832,0.12649458116619391,0.03467750962994242,0.38539470523531977,138,,,FALSE,descartar
sg_phh2o_15-30cm_Q0.5,phh2o_15-30cm_Q0.5,phh2o,Q0.5,15-30cm,138,-0.08099858616718576,0.34495716481481564,-0.1282058571000462,0.13398521548671077,0.41260875833631055,0.4044368541543306,113,,,FALSE,descartar
sg_soc_5-15cm_Q0.05,soc_5-15cm_Q0.05,soc,Q0.05,5-15cm,138,0.23021716218569457,0.00659906368084979,0.126329905753162,0.13981946668832165,0.01208592561773613,0.41475856025550945,130,,,FALSE,descartar
sg_clay_60-100cm_Q0.5,clay_60-100cm_Q0.5,clay,Q0.5,60-100cm,138,-0.2538568023783374,0.0026611158849457,-0.1262888725661797,0.139949207448178,0.00525771986965029,0.41475856025550945,138,,,FALSE,descartar
sg_sand_30-60cm_uncertainty,sand_30-60cm_uncertainty,sand,uncertainty,30-60cm,138,0.03793932737212564,0.6586401878144839,-0.12561427101641678,0.1420953506680725,0.7133445223505706,0.4173250839440688,106,,,FALSE,solo_control_calidad
sg_clay_100-200cm_mean,clay_100-200cm_mean,clay,mean,100-200cm,138,-0.06367697577232315,0.4580967488850122,-0.12515543764728304,0.1435692803376796,0.5258434511849084,0.4178891552686031,138,3,10,FALSE,descartar
sg_ocd_60-100cm_Q0.5,ocd_60-100cm_Q0.5,ocd,Q0.5,60-100cm,138,-0.08090307533707687,0.34552819333071405,-0.12455743903735944,0.14550762568657766,0.41260875833631055,0.4197830617152594,135,,,FALSE,descartar
sg_phh2o_100-200cm_Q0.05,phh2o_100-200cm_Q0.05,phh2o,Q0.05,100-200cm,138,-0.26420488832233624,0.00174029303366778,-0.12278213088268768,0.15137883887931627,0.00348058606733557,0.4292919256172192,117,,,FALSE,descartar
sg_ocd_60-100cm_Q0.05,ocd_60-100cm_Q0.05,ocd,Q0.05,60-100cm,138,-0.5427391914414476,6.1317350013361695e-12,-0.12276470641189122,0.15143733572386567,2.4986820130444887e-10,0.4292919256172192,132,,,FALSE,descartar
sg_phh2o_15-30cm_mean,phh2o_15-30cm_mean,phh2o,mean,15-30cm,138,-0.06031437006125485,0.48222479161788767,-0.120925948146043,0.15770653469016607,0.5515974809383557,0.44244511237747586,114,6,6,FALSE,descartar
sg_ocd_15-30cm_Q0.05,ocd_15-30cm_Q0.05,ocd,Q0.05,15-30cm,138,-0.17714321629508423,0.0376632582356895,-0.12055388601233326,0.15899839104703822,0.05819062646841126,0.44244511237747586,130,,,FALSE,descartar
sg_clay_30-60cm_Q0.5,clay_30-60cm_Q0.5,clay,Q0.5,30-60cm,138,-0.20898869473709608,0.01389534255984922,-0.12002984385074018,0.16083135536230983,0.02396762790746479,0.44244511237747586,138,,,FALSE,descartar
sg_Cambisols,Cambisols,wrb,otro,,138,0.20118282174330404,0.01797602927861825,0.11946339914593984,0.1628303394974776,0.0298989058409671,0.44244511237747586,136,,,FALSE,descartar
sg_sand_30-60cm_Q0.95,sand_30-60cm_Q0.95,sand,Q0.95,30-60cm,138,-0.05571055368352781,0.5163369038962683,0.11945412215376287,0.1628632315499911,0.5824423206580742,0.44244511237747586,137,,,FALSE,descartar
sg_soc_100-200cm_mean,soc_100-200cm_mean,soc,mean,100-200cm,138,0.4741957944999728,4.226207940317566e-9,0.118805002889997,0.1651770411941182,5.330910958254816e-8,0.4450224415643184,138,10,2,FALSE,descartar
sg_clay_15-30cm_Q0.5,clay_15-30cm_Q0.5,clay,Q0.5,15-30cm,138,-0.2909780632257772,5.354665018754932e-4,-0.1176898491794696,0.16920903344557023,0.00122931041979866,0.4521487287152123,138,,,FALSE,descartar
sg_clay_30-60cm_mean,clay_30-60cm_mean,clay,mean,30-60cm,138,-0.0900267792348787,0.293676940664096,-0.11591657196764736,0.17577020325913942,0.36402540934028627,0.46515612131174344,138,3,10,FALSE,descartar
sg_ocd_60-100cm_uncertainty,ocd_60-100cm_uncertainty,ocd,uncertainty,60-100cm,138,0.27414136932276895,0.00113910186121211,-0.11560807657641542,0.1769305492106018,0.00245925302486852,0.46515612131174344,138,,,FALSE,solo_control_calidad
sg_sand_60-100cm_uncertainty,sand_60-100cm_uncertainty,sand,uncertainty,60-100cm,138,0.01977828131705868,0.8178964639202906,-0.11482101507792154,0.17991648048418313,0.84111749917354806,0.4687898414044197,100,,,FALSE,solo_control_calidad
sg_sand_100-200cm_uncertainty,sand_100-200cm_uncertainty,sand,uncertainty,100-200cm,138,-0.03173069937960261,0.7117894641381728,-0.11327118456508704,0.18590413839383493,0.7583116513367462,0.4687898414044197,102,,,FALSE,solo_control_calidad
sg_cec_5-15cm_Q0.95,cec_5-15cm_Q0.95,cec,Q0.95,5-15cm,138,0.24908478134369663,0.00321862775575872,0.11324132736988632,0.18602090261645093,0.00632091956853822,0.4687898414044197,131,,,FALSE,descartar
sg_nitrogen_15-30cm_Q0.5,nitrogen_15-30cm_Q0.5,nitrogen,Q0.5,15-30cm,138,0.3426500686591815,3.8910064792552025e-5,0.11314761473747988,0.1863877380987497,1.2559609912419226e-4,0.4687898414044197,135,,,FALSE,descartar
sg_phh2o_30-60cm_Q0.5,phh2o_30-60cm_Q0.5,phh2o,Q0.5,30-60cm,138,-0.15049402700800654,0.07809084710629763,-0.11301891255426852,0.18689240035938048,0.1126443192772258,0.4687898414044197,113,,,FALSE,descartar
sg_phh2o_5-15cm_Q0.5,phh2o_5-15cm_Q0.5,phh2o,Q0.5,5-15cm,138,-0.1077111270844308,0.20858285457062203,-0.11236807269668612,0.18945974068928956,0.2718667458367508,0.4687898414044197,118,,,FALSE,descartar
sg_bdod_60-100cm_Q0.95,bdod_60-100cm_Q0.95,bdod,Q0.95,60-100cm,138,0.22522309755771863,0.00790922877720012,0.1123394366283675,0.18957328757433228,0.01416708011740242,0.4687898414044197,122,,,FALSE,descartar
sg_bdod_15-30cm_uncertainty,bdod_15-30cm_uncertainty,bdod,uncertainty,15-30cm,138,0.23075419318846507,0.00647036787375007,0.11227807959605608,0.18981674559933556,0.01191717472792386,0.4687898414044197,75,,,FALSE,solo_control_calidad
sg_Arenosols,Arenosols,wrb,otro,,138,-0.02284315970030991,0.7902852583191805,-0.1097631614908863,0.19999258260720432,0.8231086077062391,0.48217592280011207,123,,,FALSE,descartar
sg_silt_30-60cm_Q0.95,silt_30-60cm_Q0.95,silt,Q0.95,30-60cm,138,0.3938857483818322,1.7556191385675785e-6,0.10963240659070006,0.2005322109922094,9.084632367825882e-6,0.48217592280011207,138,,,FALSE,descartar
sg_cec_60-100cm_Q0.95,cec_60-100cm_Q0.95,cec,Q0.95,60-100cm,138,-0.1930447245904612,0.02329772548369517,-0.10943613346147628,0.20134420618389456,0.03759929954299321,0.48217592280011207,136,,,FALSE,descartar
sg_phh2o_15-30cm_Q0.05,phh2o_15-30cm_Q0.05,phh2o,Q0.05,15-30cm,138,-0.3295609042996916,7.910389289847124e-5,-0.1094089311144449,0.20145693098176423,2.2987234904970225e-4,0.48217592280011207,93,,,FALSE,descartar
sg_clay_60-100cm_mean,clay_60-100cm_mean,clay,mean,60-100cm,138,-0.05661650051961442,0.5095279015041199,-0.10864750648980394,0.20463071615936224,0.5767572773970245,0.48217592280011207,138,3,10,FALSE,descartar
sg_silt_15-30cm_Q0.95,silt_15-30cm_Q0.95,silt,Q0.95,15-30cm,138,0.3782616442014214,4.7784901894599355e-6,0.1084418428956493,0.2054941025026041,2.163594169116582e-5,0.48217592280011207,138,,,FALSE,descartar
sg_silt_15-30cm_Q0.05,silt_15-30cm_Q0.05,silt,Q0.05,15-30cm,138,-0.24439659363565192,0.00386670674116121,0.10785239704807642,0.20798312337572997,0.00745885442377843,0.48217592280011207,137,,,FALSE,descartar
sg_cec_15-30cm_mean,cec_15-30cm_mean,cec,mean,15-30cm,138,0.01717301595814377,0.8415454887259172,-0.10773573122238504,0.20847831396328895,0.8546536739085637,0.48217592280011207,138,5,5,FALSE,descartar
sg_phh2o_5-15cm_Q0.95,phh2o_5-15cm_Q0.95,phh2o,Q0.95,5-15cm,138,0.1157828892058378,0.1762723342168268,-0.10771921587220716,0.20854848194728773,0.2335966705475022,0.48217592280011207,103,,,FALSE,descartar
sg_cec_5-15cm_mean,cec_5-15cm_mean,cec,mean,5-15cm,138,-0.05020350242066998,0.5587076646023508,-0.10735639614872204,0.2100942496419149,0.6240832398936905,0.48232905199481874,138,5,5,FALSE,descartar
sg_bdod_100-200cm_uncertainty,bdod_100-200cm_uncertainty,bdod,uncertainty,100-200cm,138,0.14676927111985216,0.08583656967785297,0.10669556581952767,0.21293070785981427,0.12219529133179068,0.48542245288321295,78,,,FALSE,solo_control_calidad
sg_ocd_0-5cm_Q0.95,ocd_0-5cm_Q0.95,ocd,Q0.95,0-5cm,138,0.11731919961386846,0.17056520325121413,0.10627094940179475,0.2147676415400791,0.22695614799957473,0.4862100773754569,138,,,FALSE,descartar
sg_phh2o_60-100cm_Q0.05,phh2o_60-100cm_Q0.05,phh2o,Q0.05,60-100cm,138,-0.33760019382142664,5.1355023757528495e-5,-0.10546263107240436,0.21829567108228476,1.5794092212221026e-4,0.4907888880884471,122,,,FALSE,descartar
sg_cfvo_60-100cm_Q0.95,cfvo_60-100cm_Q0.95,cfvo,Q0.95,60-100cm,138,-0.03179509028199534,0.7112305247562893,-0.10468072327702584,0.22174742965081712,0.7583116513367462,0.4951346716860711,136,,,FALSE,descartar
sg_silt_100-200cm_Q0.5,silt_100-200cm_Q0.5,silt,Q0.5,100-200cm,138,0.34232551821493534,3.9615971424601e-5,0.10400179441295523,0.2247758003921967,1.2559609912419226e-4,0.4982570971934775,138,,,FALSE,descartar
sg_silt_15-30cm_Q0.5,silt_15-30cm_Q0.5,silt,Q0.5,15-30cm,138,0.3387220676241977,4.8304488481779024e-5,0.10368415841753864,0.22620260854182417,1.4997393566723772e-4,0.4982570971934775,138,,,FALSE,descartar
sg_cfvo_30-60cm_Q0.95,cfvo_30-60cm_Q0.95,cfvo,Q0.95,30-60cm,138,0.01793977137724204,0.8345696475181663,-0.10132647506318793,0.2369931886970171,0.8533592227340774,0.5151337384617097,132,,,FALSE,descartar
sg_nitrogen_100-200cm_mean,nitrogen_100-200cm_mean,nitrogen,mean,100-200cm,138,0.3666349288390821,9.742014492229036e-6,0.10109405511384996,0.23807607885782783,3.8263815957429705e-5,0.5151337384617097,137,11,2,TRUE,considerar
sg_silt_0-5cm_Q0.05,silt_0-5cm_Q0.05,silt,Q0.05,0-5cm,138,-0.26802122308135745,0.00148164309462888,0.1009808247299282,0.23860489112796987,0.00303783426949067,0.5151337384617097,138,,,FALSE,descartar
sg_cec_60-100cm_uncertainty,cec_60-100cm_uncertainty,cec,uncertainty,60-100cm,138,-0.15481673732264722,0.06981795455336111,0.09925278779652282,0.2467770663897436,0.10252546479457532,0.525923189655193,134,,,FALSE,solo_control_calidad
sg_silt_100-200cm_mean,silt_100-200cm_mean,silt,mean,100-200cm,138,0.3215951768960049,1.1995774425854676e-4,0.09924193807659196,0.2468289816479894,3.2626278038662296e-4,0.525923189655193,137,8,6,FALSE,proxy_de_estado
sg_Solonetz,Solonetz,wrb,otro,,138,-0.45078618336206655,2.8858620457742552e-8,-0.098806744982413,0.24891759508216288,2.85088189976487e-7,0.5269294545245786,88,,,FALSE,proxy_de_estado
sg_phh2o_0-5cm_Q0.5,phh2o_0-5cm_Q0.5,phh2o,Q0.5,0-5cm,138,-0.15655877393456424,0.06669182608828796,-0.0978510049681032,0.25354725779728887,0.09882516047628125,0.5332671357542978,114,,,FALSE,descartar
sg_soc_5-15cm_Q0.5,soc_5-15cm_Q0.5,soc,Q0.5,5-15cm,138,0.3959886748135608,1.5282013628965832e-6,0.09667563266043425,0.259321675864584,8.241832330738035e-6,0.537067634530201,133,,,FALSE,proxy_de_estado
sg_soc_30-60cm_Q0.05,soc_30-60cm_Q0.05,soc,Q0.05,30-60cm,138,0.121312736989083,0.15637189859392714,0.09665464105921216,0.25942561640274353,0.21152381303576867,0.537067634530201,100,,,FALSE,descartar
sg_cec_100-200cm_Q0.05,cec_100-200cm_Q0.05,cec,Q0.05,100-200cm,138,-0.0178885169772002,0.8350355584422413,-0.09647896835067594,0.26029658360666186,0.8533592227340774,0.537067634530201,122,,,FALSE,descartar
sg_sand_0-5cm_Q0.95,sand_0-5cm_Q0.95,sand,Q0.95,0-5cm,138,-0.22760366115296332,0.00725842453383822,-0.09538683021083308,0.26575616844797906,0.0131458133223959,0.5448837164405105,134,,,FALSE,proxy_de_estado
sg_silt_100-200cm_Q0.05,silt_100-200cm_Q0.05,silt,Q0.05,100-200cm,138,-0.13572555138266615,0.1124525173353106,0.09502811473704384,0.2675662718990144,0.1573369985034818,0.5451662789942419,137,,,FALSE,descartar
sg_ocd_100-200cm_Q0.05,ocd_100-200cm_Q0.05,ocd,Q0.05,100-200cm,138,0.1278520798602328,0.13507098140922613,0.094595600716372,0.26975988904411885,0.18423907924438376,0.5462218871328121,129,,,FALSE,descartar
sg_phh2o_5-15cm_mean,phh2o_5-15cm_mean,phh2o,mean,5-15cm,138,-0.07867523958020566,0.3590164291169755,-0.09375634463276382,0.2740511376234394,0.42559765778957825,0.5514856226249459,117,6,6,FALSE,descartar
sg_phh2o_5-15cm_Q0.05,phh2o_5-15cm_Q0.05,phh2o,Q0.05,5-15cm,138,-0.32157271391024156,1.2009672897667102e-4,-0.090966069098905325,0.2886485267751785,3.2626278038662296e-4,0.5729823563073833,108,,,FALSE,proxy_de_estado
sg_sand_5-15cm_uncertainty,sand_5-15cm_uncertainty,sand,uncertainty,5-15cm,138,0.269690303158407,0.00137995215794238,-0.09073221520936578,0.2898950465331619,0.00288374617621293,0.5729823563073833,104,,,FALSE,solo_control_calidad
sg_soc_0-5cm_Q0.95,soc_0-5cm_Q0.95,soc,Q0.95,0-5cm,138,0.16483212559345436,0.05336414181666749,-0.09071135592847317,0.29000640733349153,0.08129303846838132,0.5729823563073833,138,,,FALSE,descartar
sg_sand_0-5cm_uncertainty,sand_0-5cm_uncertainty,sand,uncertainty,0-5cm,138,0.31393382729042146,1.7712320615205417e-4,-0.08913844639209187,0.29848571554793757,4.6566262262556166e-4,0.5861827907748653,101,,,FALSE,solo_control_calidad
sg_cfvo_100-200cm_uncertainty,cfvo_100-200cm_uncertainty,cfvo,uncertainty,100-200cm,138,-0.3231666005978961,1.105987713740028e-4,-0.0878823389333238,0.30537360741372854,3.1082068506831816e-4,0.5940078543102251,138,,,FALSE,solo_control_calidad
sg_ocd_5-15cm_Q0.95,ocd_5-15cm_Q0.95,ocd,Q0.95,5-15cm,138,0.2750487919660833,0.00109498799811703,-0.08755170535330649,0.30720384058474665,0.00237977391590768,0.5940078543102251,131,,,FALSE,proxy_de_estado
sg_silt_5-15cm_Q0.05,silt_5-15cm_Q0.05,silt,Q0.05,5-15cm,138,-0.20233798548927445,0.01731335851524133,0.08741969564321223,0.30793658705039273,0.02924432578222112,0.5940078543102251,137,,,FALSE,proxy_de_estado
sg_cec_100-200cm_uncertainty,cec_100-200cm_uncertainty,cec,uncertainty,100-200cm,138,-0.1405312806572762,0.10017172217858418,0.08661829888744473,0.3124094274269876,0.1407585406474933,0.5990910196541056,132,,,FALSE,solo_control_calidad
sg_sand_5-15cm_Q0.95,sand_5-15cm_Q0.95,sand,Q0.95,5-15cm,138,-0.2672662143861553,0.00152984801029983,-0.08604050719011669,0.31566038851587763,0.0031170653209859,0.6017853020829013,138,,,FALSE,proxy_de_estado
sg_cfvo_30-60cm_mean,cfvo_30-60cm_mean,cfvo,mean,30-60cm,138,0.3294240211475262,7.96796792718293e-5,0.08515386858420557,0.32069165561636975,2.2987234904970225e-4,0.6078225565752124,138,9,6,FALSE,proxy_de_estado
sg_clay_0-5cm_mean,clay_0-5cm_mean,clay,mean,0-5cm,138,0.07331134430413017,0.3928111758230878,-0.08336231016401405,0.33101517483475706,0.4573444404225951,0.6182211720387454,138,3,10,FALSE,descartar
sg_silt_100-200cm_uncertainty,silt_100-200cm_uncertainty,silt,uncertainty,100-200cm,138,0.0999812159633021,0.2433088725150012,0.08324937890411753,0.33167296460949036,0.30743679240267596,0.6182211720387454,127,,,FALSE,solo_control_calidad
sg_silt_30-60cm_Q0.5,silt_30-60cm_Q0.5,silt,Q0.5,30-60cm,138,0.37636268293773106,5.378178712997371e-6,0.08321606049705962,0.3318671935790811,2.3470268430416777e-5,0.6182211720387454,138,,,FALSE,proxy_de_estado
sg_nitrogen_30-60cm_Q0.05,nitrogen_30-60cm_Q0.05,nitrogen,Q0.05,30-60cm,138,-0.1328693807818593,0.1202892063862915,0.08281532569416908,0.3342089621097033,0.16616220882174165,0.6190461457259278,91,,,FALSE,descartar
sg_ocd_30-60cm_mean,ocd_30-60cm_mean,ocd,mean,30-60cm,138,0.4005321128047482,1.1287248960411518e-6,0.08216260586477864,0.3380457496691087,6.570791359096705e-6,0.6226153355487539,138,12,1,TRUE,proxy_de_estado
sg_phh2o_15-30cm_uncertainty,phh2o_15-30cm_uncertainty,phh2o,uncertainty,15-30cm,138,0.48631978763849626,1.4742288175040823e-9,0.08175960642817444,0.340428554709316,2.4029929725316544e-8,0.6234815103103203,50,,,FALSE,solo_control_calidad
sg_cec_100-200cm_Q0.95,cec_100-200cm_Q0.95,cec,Q0.95,100-200cm,138,-0.1548684755169609,0.069723424734981,-0.08124406789097319,0.3434922412615783,0.10252546479457532,0.6255780483311426,137,,,FALSE,descartar
sg_cfvo_5-15cm_mean,cfvo_5-15cm_mean,cfvo,mean,5-15cm,138,0.3958510588944948,1.542183350230123e-6,0.07999399752197028,0.3509930700911409,8.241832330738035e-6,0.6333263703446116,138,9,6,FALSE,proxy_de_estado
sg_cfvo_5-15cm_Q0.5,cfvo_5-15cm_Q0.5,cfvo,Q0.5,5-15cm,138,0.3703579791337442,7.77828373163997e-6,0.07944775689931256,0.35430267896312484,3.2509237134802954e-5,0.6333263703446116,128,,,FALSE,proxy_de_estado
sg_silt_30-60cm_mean,silt_30-60cm_mean,silt,mean,30-60cm,138,0.4051445295608923,8.26018719097291e-7,0.07925817888510589,0.35545585212260944,5.0807943853908845e-6,0.6333263703446116,138,8,6,FALSE,proxy_de_estado
sg_silt_60-100cm_Q0.5,silt_60-100cm_Q0.5,silt,Q0.5,60-100cm,138,0.3184969862133276,1.4061051523743122e-4,0.07907993710350521,0.35654220205848686,3.7883494187936014e-4,0.6333263703446116,138,,,FALSE,proxy_de_estado
sg_ocs_0-30cm_mean,ocs_0-30cm_mean,ocs,mean,0-30cm,138,0.2931612541155136,4.838642994402552e-4,0.07892956765828968,0.3574602826484924,0.00113481842890304,0.6333263703446116,135,13,1,TRUE,proxy_de_estado
sg_phh2o_0-5cm_uncertainty,phh2o_0-5cm_uncertainty,phh2o,uncertainty,0-5cm,138,0.373114691327177,6.5722014647325935e-6,0.07766481944781456,0.3652403492283696,2.8191285230300335e-5,0.6399083292804097,65,,,FALSE,solo_control_calidad
sg_ocd_15-30cm_Q0.95,ocd_15-30cm_Q0.95,ocd,Q0.95,15-30cm,138,0.3767406173655767,5.253421274853052e-6,-0.07748270497508586,0.3663691715208893,2.346048404934377e-5,0.6399083292804097,137,,,FALSE,proxy_de_estado
sg_clay_15-30cm_Q0.05,clay_15-30cm_Q0.05,clay,Q0.05,15-30cm,138,-0.367227496946024,9.40089594320306e-6,0.07713421904272084,0.3685352249789328,3.7374293627856064e-5,0.6399083292804097,137,,,FALSE,proxy_de_estado
sg_ocd_0-5cm_mean,ocd_0-5cm_mean,ocd,mean,0-5cm,138,0.2927855082839884,4.924052852302495e-4,0.07705529327660508,0.3690268892782731,0.00113846895734086,0.6399083292804097,138,14,1,TRUE,proxy_de_estado
sg_silt_60-100cm_mean,silt_60-100cm_mean,silt,mean,60-100cm,138,0.3131890462955427,1.838599187204851e-4,0.07591500290456991,0.37617522618822663,4.75701059546652e-4,0.6421755368469813,138,8,6,FALSE,proxy_de_estado
sg_silt_5-15cm_Q0.95,silt_5-15cm_Q0.95,silt,Q0.95,5-15cm,138,0.31267233667564526,1.8867279531041773e-4,0.07540092999551518,0.3794253364220784,4.843096950487888e-4,0.6421755368469813,137,,,FALSE,proxy_de_estado
sg_nitrogen_30-60cm_Q0.5,nitrogen_30-60cm_Q0.5,nitrogen,Q0.5,30-60cm,138,0.43808481889571865,7.71603174230956e-8,0.07534349588935396,0.37978950827637314,7.117446899597851e-7,0.6421755368469813,123,,,FALSE,proxy_de_estado
sg_nitrogen_30-60cm_Q0.95,nitrogen_30-60cm_Q0.95,nitrogen,Q0.95,30-60cm,138,0.45817411786897727,1.5984691745262115e-8,0.07532323477125019,0.3799180284334587,1.628440471548578e-7,0.6421755368469813,137,,,FALSE,proxy_de_estado
sg_Gypsisols,Gypsisols,wrb,otro,,138,-0.1977217489688783,0.02009468486676652,-0.0749920832585541,0.3820223315868675,0.03275433633282944,0.6421755368469813,5,,,FALSE,descartar_poca_variacion
sg_ocd_100-200cm_Q0.95,ocd_100-200cm_Q0.95,ocd,Q0.95,100-200cm,138,0.2787057547295319,9.325903732338556e-4,-0.07469437429134353,0.38392014557302234,0.00206819361683154,0.6421755368469813,132,,,FALSE,proxy_de_estado
sg_Podzols,Podzols,wrb,otro,,138,0.2005787757993806,0.01833121347445069,0.07466254215752767,0.3841234039422126,0.03018169491247941,0.6421755368469813,17,,,FALSE,proxy_de_estado
sg_cfvo_0-5cm_Q0.5,cfvo_0-5cm_Q0.5,cfvo,Q0.5,0-5cm,138,0.2932168336222686,4.826125991459517e-4,0.07398578407389929,0.3884601152125915,0.00113481842890304,0.6435562830958355,133,,,FALSE,proxy_de_estado
sg_cfvo_5-15cm_Q0.95,cfvo_5-15cm_Q0.95,cfvo,Q0.95,5-15cm,138,0.10457556800091072,0.22221457460061503,-0.07391778089022374,0.3888975084965631,0.2840860836070608,0.6435562830958355,138,,,FALSE,descartar
sg_bdod_5-15cm_mean,bdod_5-15cm_mean,bdod,mean,5-15cm,138,-0.3394023872019217,4.6538231558457746e-5,0.07222857133282087,0.39985733184664574,1.4587945661593486e-4,0.6559919045686483,132,15,1,TRUE,proxy_de_estado
sg_phh2o_0-5cm_mean,phh2o_0-5cm_mean,phh2o,mean,0-5cm,138,-0.18862320666897175,0.02671934912038258,-0.07213549858173118,0.4004664914060233,0.0424902820158279,0.6559919045686483,115,6,6,FALSE,descartar
sg_cec_0-5cm_Q0.95,cec_0-5cm_Q0.95,cec,Q0.95,0-5cm,138,0.41203815770723545,5.13452026084787e-7,0.07183317111284071,0.4024490212077597,3.3477072100728112e-6,0.6559919045686483,126,,,FALSE,proxy_de_estado
sg_silt_60-100cm_Q0.05,silt_60-100cm_Q0.05,silt,Q0.05,60-100cm,138,-0.20100619371418593,0.01807926608454869,0.06963083752762259,0.4170656935485987,0.02991797331757803,0.6764349059544436,138,,,FALSE,proxy_de_estado
sg_soc_0-5cm_Q0.5,soc_0-5cm_Q0.5,soc,Q0.5,0-5cm,138,0.35515837812823514,1.9163755330980395e-5,0.06912353399537448,0.42047595512819014,6.717617460107106e-5,0.6776808700508042,138,,,FALSE,proxy_de_estado
sg_ocd_15-30cm_Q0.5,ocd_15-30cm_Q0.5,ocd,Q0.5,15-30cm,138,0.08909153456140305,0.2987410985802204,-0.06858920015239041,0.4240853748924085,0.3675079174986862,0.6776808700508042,135,,,FALSE,descartar
sg_clay_15-30cm_uncertainty,clay_15-30cm_uncertainty,clay,uncertainty,15-30cm,138,0.48261969302064617,2.0419620959488702e-9,-0.06840776388938256,0.42531503808398385,3.025816560360598e-8,0.6776808700508042,132,,,FALSE,solo_control_calidad
sg_nitrogen_5-15cm_uncertainty,nitrogen_5-15cm_uncertainty,nitrogen,uncertainty,5-15cm,138,0.4318626857505011,1.231263415968943e-7,0.06828488356143278,0.4261490133755057,1.056294404225988e-6,0.6776808700508042,138,,,FALSE,solo_control_calidad
sg_nitrogen_30-60cm_mean,nitrogen_30-60cm_mean,nitrogen,mean,30-60cm,138,0.4624588411472845,1.1274359820148614e-8,0.06716287439776691,0.4338074825017608,1.2251471004561496e-7,0.6829617184805571,138,16,1,TRUE,proxy_de_estado
sg_clay_0-5cm_Q0.95,clay_0-5cm_Q0.95,clay,Q0.95,0-5cm,138,0.2966630408692572,4.1058611143244633e-4,-0.06689909219359887,0.4356193292645473,9.841990612277755e-4,0.6829617184805571,136,,,FALSE,proxy_de_estado
sg_soc_60-100cm_Q0.95,soc_60-100cm_Q0.95,soc,Q0.95,60-100cm,138,0.4758400824939221,3.672469703078134e-9,0.06674964306018069,0.4366477664816234,4.9884380133477993e-8,0.6829617184805571,133,,,FALSE,proxy_de_estado
sg_soc_30-60cm_mean,soc_30-60cm_mean,soc,mean,30-60cm,138,0.5644886151406886,5.565669042440833e-13,0.06635172152229903,0.43939280590476504,3.0240135130595195e-11,0.6829617184805571,137,17,1,TRUE,proxy_de_estado
sg_phh2o_0-5cm_Q0.05,phh2o_0-5cm_Q0.05,phh2o,Q0.05,0-5cm,138,-0.3323071550347412,6.834244463253391e-5,-0.06612806135939531,0.44094000452025606,2.0440033899271607e-4,0.6829617184805571,102,,,FALSE,proxy_de_estado
sg_silt_0-5cm_Q0.95,silt_0-5cm_Q0.95,silt,Q0.95,0-5cm,138,0.3492990530724389,2.6803035356081135e-5,0.0656935222750843,0.4439547951942725,9.197673185349948e-5,0.6829617184805571,138,,,FALSE,proxy_de_estado
sg_bdod_100-200cm_Q0.05,bdod_100-200cm_Q0.05,bdod,Q0.05,100-200cm,138,-0.08241601805333193,0.33655284406805563,-0.06566765668106353,0.44413461447201874,0.40485692681249497,0.6829617184805571,125,,,FALSE,descartar
sg_ocd_15-30cm_mean,ocd_15-30cm_mean,ocd,mean,15-30cm,138,0.3794330516315532,4.440756139049813e-6,-0.06453952099677217,0.452017386935212,2.0389950722961116e-5,0.6918200382200898,138,18,1,TRUE,proxy_de_estado
sg_bdod_0-5cm_Q0.05,bdod_0-5cm_Q0.05,bdod,Q0.05,0-5cm,138,-0.22287273295044413,0.00860195772065325,-0.06408559156901002,0.45521111881480447,0.01524042509202696,0.6934524520262909,130,,,FALSE,proxy_de_estado
sg_soc_15-30cm_Q0.5,soc_15-30cm_Q0.5,soc,Q0.5,15-30cm,138,0.5822153243784699,6.889407487851355e-14,0.0635684043706886,0.4588651791086017,5.614867102598855e-12,0.6957676669274612,137,,,FALSE,proxy_de_estado
sg_nitrogen_15-30cm_Q0.95,nitrogen_15-30cm_Q0.95,nitrogen,Q0.95,15-30cm,138,0.4024919380360265,9.890558069914605e-7,0.06278245485644819,0.4644491068819998,5.8624035105312025e-6,0.7009741150163515,135,,,FALSE,proxy_de_estado
sg_cfvo_15-30cm_Q0.95,cfvo_15-30cm_Q0.95,cfvo,Q0.95,15-30cm,138,0.07626244428929328,0.3739882603808251,-0.0623506236149062,0.4675329788832693,0.4385617729645647,0.7010591028226408,132,,,FALSE,descartar
sg_silt_30-60cm_Q0.05,silt_30-60cm_Q0.05,silt,Q0.05,30-60cm,138,-0.15454799200274608,0.0703106487882804,0.06208526877319346,0.4694335324083498,0.10278597087434714,0.7010591028226408,138,,,FALSE,descartar
sg_phh2o_15-30cm_Q0.95,phh2o_15-30cm_Q0.95,phh2o,Q0.95,15-30cm,138,0.14113971631387442,0.09869539063401994,-0.06181216428421948,0.47139399429507567,0.13928440409822726,0.7010591028226408,116,,,FALSE,descartar
sg_nitrogen_15-30cm_mean,nitrogen_15-30cm_mean,nitrogen,mean,15-30cm,138,0.39914106648146663,1.2390379237174858e-6,0.06136544619365222,0.4746103321874728,7.086427423366673e-6,0.7010591028226408,138,19,1,TRUE,proxy_de_estado
sg_nitrogen_60-100cm_mean,nitrogen_60-100cm_mean,nitrogen,mean,60-100cm,138,0.4357040784754842,9.23699351010896e-8,0.06117349350577456,0.475996029697764,8.138540227825732e-7,0.7010591028226408,138,11,2,FALSE,proxy_de_estado
sg_Umbrisols,Umbrisols,wrb,otro,,138,0.1628331357325188,0.05636371173256801,0.06097816491363855,0.4774083460939456,0.08467543790238327,0.7010591028226408,39,,,FALSE,descartar
sg_bdod_15-30cm_Q0.5,bdod_15-30cm_Q0.5,bdod,Q0.5,15-30cm,138,-0.24715133236382952,0.00347300275003478,0.06040964789660165,0.4815318609817056,0.00673927914590083,0.7039434380270675,100,,,FALSE,proxy_de_estado
sg_bdod_60-100cm_uncertainty,bdod_60-100cm_uncertainty,bdod,uncertainty,60-100cm,138,0.16204854460487672,0.0575783420947226,0.05935275937699008,0.48924824784259935,0.086103392306787,0.7120309321280687,85,,,FALSE,solo_control_calidad
sg_bdod_0-5cm_Q0.5,bdod_0-5cm_Q0.5,bdod,Q0.5,0-5cm,138,-0.2771246519825391,9.998854416475977e-4,0.05898368687411982,0.4919582918747948,0.00220245036471024,0.7127929028941471,121,,,FALSE,proxy_de_estado
sg_nitrogen_100-200cm_uncertainty,nitrogen_100-200cm_uncertainty,nitrogen,uncertainty,100-200cm,138,0.48632165812595185,1.473984602265449e-9,0.05863825230086057,0.4945019643339671,2.4029929725316544e-8,0.7130335377782918,136,,,FALSE,solo_control_calidad
sg_ocd_0-5cm_Q0.05,ocd_0-5cm_Q0.05,ocd,Q0.05,0-5cm,138,0.2728651354976847,0.00120389705986481,0.05836773514961897,0.496498813115559,0.00256516628441783,0.7130335377782918,116,,,FALSE,proxy_de_estado
sg_bdod_15-30cm_mean,bdod_15-30cm_mean,bdod,mean,15-30cm,138,-0.4071273216396277,7.212246919368827e-7,-0.05530376121280257,0.5194094192242086,4.521524030219687e-6,0.7399779665981121,129,20,1,TRUE,proxy_de_estado
sg_bdod_100-200cm_Q0.5,bdod_100-200cm_Q0.5,bdod,Q0.5,100-200cm,138,-0.264896909544388,0.00169054218717437,-0.05502848157184728,0.5214938957052166,0.00340195526554843,0.7399779665981121,115,,,FALSE,proxy_de_estado
sg_nitrogen_5-15cm_mean,nitrogen_5-15cm_mean,nitrogen,mean,5-15cm,138,0.4699517304708818,6.051997034476897e-9,0.05456255152922597,0.5250316918769129,7.307226049035068e-8,0.7399779665981121,138,21,1,TRUE,proxy_de_estado
sg_Phaeozems,Phaeozems,wrb,otro,,138,0.02052937279408794,0.8111078438476371,0.05452598911248736,0.5253098226546149,0.8394322447439039,0.7399779665981121,138,,,FALSE,descartar
sg_MostProbable,MostProbable,wrb,otro,,138,-0.03701092504940821,0.6664880715658111,-0.05415193411117253,0.5281595402261714,0.7194540110279948,0.7399779665981121,49,,,FALSE,descartar
sg_cfvo_60-100cm_mean,cfvo_60-100cm_mean,cfvo,mean,60-100cm,138,0.2659049108296544,0.00162038736360172,0.05405753314802402,0.5288799577219635,0.00328103279834884,0.7399779665981121,138,9,6,FALSE,proxy_de_estado
sg_nitrogen_5-15cm_Q0.95,nitrogen_5-15cm_Q0.95,nitrogen,Q0.95,5-15cm,138,0.5077032025347299,2.0751008549501526e-10,0.05299634336634107,0.5370122694232644,6.149844351943179e-9,0.7481452984272828,129,,,FALSE,proxy_de_estado
sg_nitrogen_60-100cm_Q0.05,nitrogen_60-100cm_Q0.05,nitrogen,Q0.05,60-100cm,138,-0.12997943443661583,0.12864235463763565,0.05203346542364068,0.5444445821640249,0.1769510869699123,0.7552720586615835,107,,,FALSE,descartar
sg_clay_0-5cm_Q0.5,clay_0-5cm_Q0.5,clay,Q0.5,0-5cm,138,0.05538910264481998,0.5187640602735739,-0.05162961910091138,0.5475767899479564,0.5831623574109831,0.7563984471314992,137,,,FALSE,descartar
sg_soc_5-15cm_mean,soc_5-15cm_mean,soc,mean,5-15cm,138,0.37629862159389577,5.399601632764595e-6,0.04860744790292606,0.5712923746976666,2.3470268430416777e-5,0.7856058820873624,138,22,2,TRUE,proxy_de_estado
sg_ocd_100-200cm_uncertainty,ocd_100-200cm_uncertainty,ocd,uncertainty,100-200cm,138,0.3317645481026529,7.035355706495174e-5,-0.0483240891732019,0.5735404906036572,2.08502360028857e-4,0.7856058820873624,138,,,FALSE,solo_control_calidad
sg_bdod_5-15cm_Q0.5,bdod_5-15cm_Q0.5,bdod,Q0.5,5-15cm,138,-0.3556861088156688,1.858727783728488e-5,0.04794351182253349,0.5765664299420838,6.586361494516165e-5,0.7864462600883654,114,,,FALSE,proxy_de_estado
sg_cfvo_100-200cm_Q0.5,cfvo_100-200cm_Q0.5,cfvo,Q0.5,100-200cm,138,0.3035615414791466,2.9529050152669146e-4,0.04632458200780956,0.5895208729634065,7.183933096843389e-4,0.8007658524419605,138,,,FALSE,proxy_de_estado
sg_bdod_0-5cm_uncertainty,bdod_0-5cm_uncertainty,bdod,uncertainty,0-5cm,138,0.1476448712380795,0.0839626850545943,0.04539492686869745,0.5970193172848753,0.12005190933244624,0.8046422365305697,88,,,FALSE,solo_control_calidad
sg_phh2o_0-5cm_Q0.95,phh2o_0-5cm_Q0.95,phh2o,Q0.95,0-5cm,138,0.10187566111875296,0.23444811413706224,-0.04535885769108862,0.5973111080993799,0.29739332766024235,0.8046422365305697,85,,,FALSE,descartar
sg_Albeluvisols,Albeluvisols,wrb,otro,,138,-0.3223168432103278,1.1557158590992898e-4,-0.04504653999932846,0.5998403586311851,3.2201997441569954e-4,0.8047241025257875,14,,,FALSE,proxy_de_estado
sg_bdod_30-60cm_Q0.05,bdod_30-60cm_Q0.05,bdod,Q0.05,30-60cm,138,-0.16334231198380608,0.05558679854857869,-0.0443845851069951,0.6052168652310929,0.08428509919458908,0.8086094183005585,125,,,FALSE,descartar
sg_silt_0-5cm_uncertainty,silt_0-5cm_uncertainty,silt,uncertainty,0-5cm,138,0.12059438829585514,0.15885737803303787,-0.04383461806892334,0.6096999603562203,0.21311730550934305,0.809384019184466,130,,,FALSE,solo_control_calidad
sg_nitrogen_30-60cm_uncertainty,nitrogen_30-60cm_uncertainty,nitrogen,uncertainty,30-60cm,138,0.36822556221579794,8.851723881067319e-6,0.0436089289058185,0.6115438950576747,3.562545660775242e-5,0.809384019184466,135,,,FALSE,solo_control_calidad
sg_sand_5-15cm_Q0.5,sand_5-15cm_Q0.5,sand,Q0.5,5-15cm,138,-0.22797373156372508,0.00716164058382155,0.04325790930385926,0.6144166510018227,0.01304298787891522,0.809384019184466,138,,,FALSE,proxy_de_estado
sg_silt_5-15cm_mean,silt_5-15cm_mean,silt,mean,5-15cm,138,0.2848785081305985,7.076996514777048e-4,0.04309794873062787,0.6157277201157901,0.00161335724742469,0.809384019184466,138,8,6,FALSE,proxy_de_estado
sg_clay_60-100cm_Q0.05,clay_60-100cm_Q0.05,clay,Q0.05,60-100cm,138,-0.23815033361299545,0.00491162863144674,0.0427049027506879,0.6189543533530448,0.00941877019912728,0.8103579084059945,138,,,FALSE,proxy_de_estado
sg_clay_100-200cm_uncertainty,clay_100-200cm_uncertainty,clay,uncertainty,100-200cm,138,0.443329887997037,5.165639726704647e-8,0.04239594236708706,0.6214958146324996,4.952936914428573e-7,0.8104305422807795,131,,,FALSE,solo_control_calidad
sg_sand_0-5cm_mean,sand_0-5cm_mean,sand,mean,0-5cm,138,-0.3624499317997784,1.2505638387780016e-5,-0.0417679908217612,0.626675006166296,4.686020821168144e-5,0.8104444431917296,138,23,2,TRUE,proxy_de_estado
sg_ocd_0-5cm_uncertainty,ocd_0-5cm_uncertainty,ocd,uncertainty,0-5cm,138,-0.280851292366784,8.479007350774916e-4,0.04161498071553445,0.6279397721040754,0.00189325780572097,0.8104444431917296,136,,,FALSE,solo_control_calidad
sg_Andosols,Andosols,wrb,otro,,138,-0.03985628296272668,0.6425538660179246,-0.04088019066211642,0.6340284845948031,0.7029280547712867,0.8104444431917296,128,,,FALSE,descartar
sg_phh2o_5-15cm_uncertainty,phh2o_5-15cm_uncertainty,phh2o,uncertainty,5-15cm,138,0.36554349377208634,1.0401122531733448e-5,0.04081054619268454,0.6346068632339941,3.9891364062883574e-5,0.8104444431917296,72,,,FALSE,solo_control_calidad
sg_bdod_30-60cm_uncertainty,bdod_30-60cm_uncertainty,bdod,uncertainty,30-60cm,138,0.22238139813379923,0.00875337017209285,0.04003427970301004,0.6410684195204917,0.01542485770866093,0.8104444431917296,88,,,FALSE,solo_control_calidad
sg_bdod_100-200cm_mean,bdod_100-200cm_mean,bdod,mean,100-200cm,138,-0.10753771879272708,0.20932071535283575,0.04000001357409672,0.6413542724118753,0.2718667458367508,0.8104444431917296,127,24,3,TRUE,descartar
sg_nitrogen_60-100cm_Q0.95,nitrogen_60-100cm_Q0.95,nitrogen,Q0.95,60-100cm,138,0.41999957513863606,2.925589291523145e-7,0.03991224880721137,0.6420866582686249,2.088976651307457e-6,0.8104444431917296,129,,,FALSE,proxy_de_estado
sg_soc_60-100cm_uncertainty,soc_60-100cm_uncertainty,soc,uncertainty,60-100cm,138,0.3871391580839189,2.722369266032585e-6,0.03974567751885063,0.643477621183227,1.3446854253433678e-5,0.8104444431917296,137,,,FALSE,solo_control_calidad
sg_nitrogen_60-100cm_Q0.5,nitrogen_60-100cm_Q0.5,nitrogen,Q0.5,60-100cm,138,0.3422953463643021,3.968220309752087e-5,0.03969743454676113,0.6438807079345337,1.2559609912419226e-4,0.8104444431917296,115,,,FALSE,proxy_de_estado
sg_soc_15-30cm_Q0.05,soc_15-30cm_Q0.05,soc,Q0.05,15-30cm,138,0.3586297409404821,1.5660033550891292e-5,0.03919021257686082,0.6481249759714565,5.672412152878401e-5,0.8122176930590566,88,,,FALSE,proxy_de_estado
sg_ocs_0-30cm_Q0.95,ocs_0-30cm_Q0.95,ocs,Q0.95,0-30cm,138,0.2189776885651344,0.00986849232557248,-0.03883385687848834,0.6511136321030531,0.01720389571196058,0.8122176930590566,138,,,FALSE,proxy_de_estado
sg_soc_0-5cm_mean,soc_0-5cm_mean,soc,mean,0-5cm,138,0.3487293646933318,2.768198157436908e-5,0.03815745216882419,0.6568016972228408,9.400339576296168e-5,0.8122176930590566,138,22,2,FALSE,proxy_de_estado
sg_nitrogen_60-100cm_uncertainty,nitrogen_60-100cm_uncertainty,nitrogen,uncertainty,60-100cm,138,0.37970964706147,4.36437721422179e-6,0.03799678278666741,0.6581557195076486,2.0325528169090057e-5,0.8122176930590566,135,,,FALSE,solo_control_calidad
sg_clay_0-5cm_uncertainty,clay_0-5cm_uncertainty,clay,uncertainty,0-5cm,138,0.343513103489964,3.7089944231688555e-5,-0.03781761224660743,0.6596669667101742,1.2338083489316806e-4,0.8122176930590566,132,,,FALSE,solo_control_calidad
sg_nitrogen_5-15cm_Q0.05,nitrogen_5-15cm_Q0.05,nitrogen,Q0.05,5-15cm,138,0.07963281877628997,0.35317923359766124,-0.03774991749541669,0.660238308775,0.4202059494629108,0.8122176930590566,129,,,FALSE,descartar
sg_cfvo_0-5cm_mean,cfvo_0-5cm_mean,cfvo,mean,0-5cm,138,0.3032869928627095,2.9923653275623765e-4,0.03723196599512831,0.6646162715525095,7.226008124335813e-4,0.8133453852850605,138,9,6,FALSE,proxy_de_estado
sg_clay_5-15cm_Q0.95,clay_5-15cm_Q0.95,clay,Q0.95,5-15cm,138,0.369812410530568,8.04055234369988e-6,-0.03705143906248146,0.666144840095433,3.31800008107109e-5,0.8133453852850605,138,,,FALSE,proxy_de_estado
sg_sand_15-30cm_Q0.95,sand_15-30cm_Q0.95,sand,Q0.95,15-30cm,138,-0.08826280437427,0.3032763977079916,0.03510677552219703,0.682696700333006,0.36999721828723825,0.8304444936886566,138,,,FALSE,descartar
sg_cec_30-60cm_Q0.95,cec_30-60cm_Q0.95,cec,Q0.95,30-60cm,138,0.19141268619789417,0.02451414714313045,-0.03444443561070328,0.6883692824867969,0.03917456847382611,0.8325692310359492,133,,,FALSE,descartar
sg_soc_30-60cm_uncertainty,soc_30-60cm_uncertainty,soc,uncertainty,30-60cm,138,0.27288333301608747,0.00120294997182688,-0.03402479534392724,0.6919722901164906,0.00256516628441783,0.8325692310359492,137,,,FALSE,solo_control_calidad
sg_bdod_5-15cm_Q0.95,bdod_5-15cm_Q0.95,bdod,Q0.95,5-15cm,138,-0.20664598659696623,0.01502534660822869,0.03400934281588828,0.692105096965467,0.02565890407757901,0.8325692310359492,129,,,FALSE,proxy_de_estado
sg_clay_5-15cm_uncertainty,clay_5-15cm_uncertainty,clay,uncertainty,5-15cm,138,0.4120972702056458,5.113393126562361e-7,-0.0337049123092513,0.6947234316492898,3.3477072100728112e-6,0.8326464658737812,136,,,FALSE,solo_control_calidad
sg_bdod_60-100cm_Q0.5,bdod_60-100cm_Q0.5,bdod,Q0.5,60-100cm,138,-0.31363785879601075,1.797723446653222e-4,-0.03140581758767027,0.7146119020138157,4.6884627488716027e-4,0.8533460807930547,118,,,FALSE,proxy_de_estado
sg_bdod_5-15cm_Q0.05,bdod_5-15cm_Q0.05,bdod,Q0.05,5-15cm,138,-0.1746128248445216,0.04052646653560254,-0.03086249500886183,0.7193406826558033,0.06231900042738881,0.85585789250289,131,,,FALSE,descartar
sg_sand_0-5cm_Q0.05,sand_0-5cm_Q0.05,sand,Q0.05,0-5cm,138,-0.38762094621880616,2.6392535957658116e-6,0.03027381929996821,0.7244762044855011,1.3236871880302378e-5,0.8588336096809941,136,,,FALSE,proxy_de_estado
sg_ocd_5-15cm_mean,ocd_5-15cm_mean,ocd,mean,5-15cm,138,0.3917053747862938,2.025176708097776e-6,-0.02978465873568418,0.7287529287041847,1.0315743856873044e-5,0.8607733868027688,138,25,1,TRUE,proxy_de_estado
sg_sand_0-5cm_Q0.5,sand_0-5cm_Q0.5,sand,Q0.5,0-5cm,138,-0.27001856426593773,0.00136071767473449,-0.02947387819340606,0.7314744320419098,0.00286189652879643,0.8608688261576267,138,,,FALSE,proxy_de_estado
sg_cfvo_100-200cm_mean,cfvo_100-200cm_mean,cfvo,mean,100-200cm,138,0.2473056683382641,0.00345205222796126,-0.02888319962050897,0.7366561964997156,0.00673873668452317,0.8638486333054219,137,9,6,FALSE,proxy_de_estado
sg_silt_5-15cm_Q0.5,silt_5-15cm_Q0.5,silt,Q0.5,5-15cm,138,0.2209269837418382,0.00921546354671575,0.02828102934730915,0.7419509894187675,0.01615183395822223,0.8647565068544151,138,,,FALSE,proxy_de_estado
sg_soc_30-60cm_Q0.95,soc_30-60cm_Q0.95,soc,Q0.95,30-60cm,138,0.461836530950027,1.1864284624055277e-8,-0.0281919084565088,0.7427356500590068,1.2476634798200064e-7,0.8647565068544151,138,,,FALSE,proxy_de_estado
sg_clay_30-60cm_uncertainty,clay_30-60cm_uncertainty,clay,uncertainty,30-60cm,138,0.46629824034538586,8.212114444144748e-9,-0.02770539268024508,0.747023797342425,9.346123222440147e-8,0.866653942824308,133,,,FALSE,solo_control_calidad
sg_bdod_0-5cm_mean,bdod_0-5cm_mean,bdod,mean,0-5cm,138,-0.27041838504342647,0.00133762060426577,-0.02721083990915444,0.7513907334563203,0.0028315864739652,0.8686290039246823,132,26,1,TRUE,proxy_de_estado
sg_nitrogen_15-30cm_Q0.05,nitrogen_15-30cm_Q0.05,nitrogen,Q0.05,15-30cm,138,0.2066300813425992,0.0150332842908515,-0.02617220194727243,0.7605875031682007,0.02565890407757901,0.8761538022361605,125,,,FALSE,proxy_de_estado
sg_cec_15-30cm_Q0.95,cec_15-30cm_Q0.95,cec,Q0.95,15-30cm,138,0.23442757085825117,0.00564835436540938,0.02402273264462442,0.7797255767800184,0.01058254898346815,0.8950371057404437,135,,,FALSE,proxy_de_estado
sg_soc_30-60cm_Q0.5,soc_30-60cm_Q0.5,soc,Q0.5,30-60cm,138,0.5309108356425752,2.106823113920764e-11,-0.0233934175318449,0.7853544156610274,7.631381501535213e-10,0.8962590574667524,124,,,FALSE,proxy_de_estado
sg_Gleysols,Gleysols,wrb,otro,,138,-0.2832189305675246,7.626713019585764e-4,-0.02324110601906479,0.7867184310901629,0.00172660308637844,0.8962590574667524,60,,,FALSE,proxy_de_estado
sg_nitrogen_100-200cm_Q0.05,nitrogen_100-200cm_Q0.05,nitrogen,Q0.05,100-200cm,138,-0.1264620950019254,0.13940212653736733,0.02286841523354053,0.7900587607840568,0.1893545552132573,0.8962590574667524,87,,,FALSE,descartar
sg_ocd_5-15cm_Q0.5,ocd_5-15cm_Q0.5,ocd,Q0.5,5-15cm,138,0.3725034122147802,6.8232955501141425e-6,0.022380794895626,0.7944349320680668,2.8888238303080657e-5,0.8962590574667524,137,,,FALSE,proxy_de_estado
sg_bdod_30-60cm_mean,bdod_30-60cm_mean,bdod,mean,30-60cm,138,-0.33508430571475417,5.886471038428209e-5,0.02236949681099063,0.7945364037051885,1.7768421838218484e-4,0.8962590574667524,134,24,3,FALSE,proxy_de_estado
sg_silt_30-60cm_uncertainty,silt_30-60cm_uncertainty,silt,uncertainty,30-60cm,138,0.06587294088718178,0.4427085975905549,0.02113404194592975,0.8056528009317053,0.5099752749629713,0.9056648727715032,130,,,FALSE,solo_control_calidad
sg_phh2o_30-60cm_uncertainty,phh2o_30-60cm_uncertainty,phh2o,uncertainty,30-60cm,138,0.48448807788194914,1.7330675848391895e-9,-0.01971774679953004,0.8184441912359035,2.690381107893218e-8,0.916882496023727,44,,,FALSE,solo_control_calidad
sg_Kastanozems,Kastanozems,wrb,otro,,138,0.04082288960940188,0.6345043383696028,-0.01868451271043405,0.8278063849386355,0.6988122105016572,0.9208377571189298,84,,,FALSE,descartar
sg_clay_5-15cm_Q0.5,clay_5-15cm_Q0.5,clay,Q0.5,5-15cm,138,0.05791374273227996,0.4998595344713664,-0.01836347380696318,0.8307203366610172,0.5677846976922142,0.9208377571189298,138,,,FALSE,descartar
sg_clay_5-15cm_mean,clay_5-15cm_mean,clay,mean,5-15cm,138,0.1070144748769274,0.21155847089176033,-0.0182949192755783,0.8313428806486823,0.27312027911403447,0.9208377571189298,138,3,10,FALSE,descartar
sg_ocd_0-5cm_Q0.5,ocd_0-5cm_Q0.5,ocd,Q0.5,0-5cm,138,0.257080460716337,0.00233555240200499,-0.01808240022828517,0.833273430521731,0.00464262245764406,0.9208377571189298,138,,,FALSE,proxy_de_estado
sg_Solonchaks,Solonchaks,wrb,otro,,138,0.03051120207017057,0.7224038209684334,0.01686683728273385,0.8443345349884405,0.7671128522335807,0.9230816569428284,60,,,FALSE,descartar
sg_bdod_60-100cm_Q0.05,bdod_60-100cm_Q0.05,bdod,Q0.05,60-100cm,138,-0.04678340881612741,0.5858359500861531,-0.01684456326946177,0.8445375094485075,0.6473983719596131,0.9230816569428284,117,,,FALSE,descartar
sg_sand_5-15cm_Q0.05,sand_5-15cm_Q0.05,sand,Q0.05,5-15cm,138,-0.4198946539789783,2.9476357656485586e-7,0.01675929777255699,0.8453145951306856,2.088976651307457e-6,0.9230816569428284,138,,,FALSE,proxy_de_estado
sg_clay_100-200cm_Q0.05,clay_100-200cm_Q0.05,clay,Q0.05,100-200cm,138,-0.26953383607182935,0.00138920734097632,0.01651937577092917,0.8475019729141183,0.00288459613476612,0.9230816569428284,137,,,FALSE,proxy_de_estado
sg_Chernozems,Chernozems,wrb,otro,,138,0.1022695204522317,0.2326346946274168,0.01606567877635805,0.8516415091982508,0.2962457439396011,0.9230816569428284,73,,,FALSE,descartar
sg_soc_5-15cm_Q0.95,soc_5-15cm_Q0.95,soc,Q0.95,5-15cm,138,0.36917179709221465,8.359180618552862e-6,0.01558473013482938,0.8560341054192362,3.4063661020602915e-5,0.9230816569428284,138,,,FALSE,proxy_de_estado
sg_ocs_0-30cm_Q0.05,ocs_0-30cm_Q0.05,ocs,Q0.05,0-30cm,138,-0.4298462927287856,1.4297344183609352e-7,-0.01545814278839044,0.8571909913033097,1.1951113343222175e-6,0.9230816569428284,121,,,FALSE,proxy_de_estado
sg_silt_15-30cm_uncertainty,silt_15-30cm_uncertainty,silt,uncertainty,15-30cm,138,0.07756767377431308,0.3658422315451261,-0.01537442432070114,0.8579562639683344,0.432117998129388,0.9230816569428284,127,,,FALSE,solo_control_calidad
sg_phh2o_100-200cm_uncertainty,phh2o_100-200cm_uncertainty,phh2o,uncertainty,100-200cm,138,0.43784144377927814,7.859757312439346e-8,0.01416599675411174,0.8690168908928568,7.117446899597851e-7,0.93190627115484,69,,,FALSE,solo_control_calidad
sg_bdod_5-15cm_uncertainty,bdod_5-15cm_uncertainty,bdod,uncertainty,5-15cm,138,0.15011441924159635,0.07885354169603727,0.01321841866732648,0.8777078642586286,0.11324341230356014,0.9362145311347616,80,,,FALSE,solo_control_calidad
sg_clay_60-100cm_uncertainty,clay_60-100cm_uncertainty,clay,uncertainty,60-100cm,138,0.4997459515891516,4.3731440432180365e-10,0.01304730821322656,0.8792788371188585,9.504299720593869e-9,0.9362145311347616,131,,,FALSE,solo_control_calidad
sg_bdod_30-60cm_Q0.95,bdod_30-60cm_Q0.95,bdod,Q0.95,30-60cm,138,-0.09967584527988044,0.24475865788683504,-0.01278915072153676,0.8816498805471528,0.308074604135553,0.9362145311347616,117,,,FALSE,descartar
sg_sand_5-15cm_mean,sand_5-15cm_mean,sand,mean,5-15cm,138,-0.3564029985227502,1.783029737068902e-5,-0.01183251211703028,0.8904450989544046,6.387557080049034e-5,0.9424840982439476,138,23,2,FALSE,proxy_de_estado
sg_nitrogen_5-15cm_Q0.5,nitrogen_5-15cm_Q0.5,nitrogen,Q0.5,5-15cm,138,0.3219843950252234,1.1757322865130233e-4,-0.00931098095832141,0.9136889529138617,3.2482095373156407e-4,0.9639566299350124,130,,,FALSE,proxy_de_estado
sg_soc_15-30cm_Q0.95,soc_15-30cm_Q0.95,soc,Q0.95,15-30cm,138,0.3052823946469884,2.7163461566969766e-4,0.00764498155230925,0.9290877875207209,6.759762191474918e-4,0.9770407055863064,137,,,FALSE,proxy_de_estado
sg_nitrogen_0-5cm_Q0.05,nitrogen_0-5cm_Q0.05,nitrogen,Q0.05,0-5cm,138,0.1527286377450365,0.07372074079895866,0.0072214270205191,0.9330071219344392,0.10681316222426898,0.977390191205461,117,,,FALSE,descartar
sg_Luvisols,Luvisols,wrb,otro,,138,-0.1536122388017228,0.07204823029246446,0.00677318770082614,0.9371566234418662,0.10485590658635452,0.977390191205461,138,,,FALSE,descartar
sg_phh2o_60-100cm_uncertainty,phh2o_60-100cm_uncertainty,phh2o,uncertainty,60-100cm,138,0.46614969001806006,8.314035995422216e-9,-0.00663734441532532,0.9384145087340776,9.346123222440147e-8,0.977390191205461,58,,,FALSE,solo_control_calidad
sg_soc_15-30cm_uncertainty,soc_15-30cm_uncertainty,soc,uncertainty,15-30cm,138,-0.09924371837401348,0.24682046251289827,-0.0053346912072533,0.950484118951302,0.3094748876123263,0.9854318758083126,137,,,FALSE,solo_control_calidad
sg_bdod_30-60cm_Q0.5,bdod_30-60cm_Q0.5,bdod,Q0.5,30-60cm,138,-0.3589557717591487,1.5364003779650127e-5,-0.00485499738452579,0.95493165467233,5.627713744006676e-5,0.9854318758083126,126,,,FALSE,proxy_de_estado
sg_ocd_15-30cm_uncertainty,ocd_15-30cm_uncertainty,ocd,uncertainty,15-30cm,138,0.31467453868796597,1.7065155284324367e-4,0.00452366306574047,0.9580044772312436,4.52295985584532e-4,0.9854318758083126,130,,,FALSE,solo_control_calidad
sg_silt_5-15cm_uncertainty,silt_5-15cm_uncertainty,silt,uncertainty,5-15cm,138,0.12104926021374496,0.15728011617204007,0.00421747254736687,0.9608446638209096,0.21187321434745893,0.9854318758083126,123,,,FALSE,solo_control_calidad
sg_ocd_30-60cm_Q0.95,ocd_30-60cm_Q0.95,ocd,Q0.95,30-60cm,138,0.3664141457413219,9.872074625251784e-6,-0.0041738331505882,0.9612494984878632,3.831305152181049e-5,0.9854318758083126,137,,,FALSE,proxy_de_estado
sg_silt_60-100cm_uncertainty,silt_60-100cm_uncertainty,silt,uncertainty,60-100cm,138,0.04804971399823591,0.5757212765391734,0.0032083703819409,0.9702082610190996,0.6405636046135512,0.988983235395225,133,,,FALSE,solo_control_calidad
sg_soc_15-30cm_mean,soc_15-30cm_mean,soc,mean,15-30cm,138,0.49252191464715256,8.464472403852275e-10,0.00314665299056599,0.9707810899585032,1.6231870609740248e-8,0.988983235395225,138,27,1,TRUE,proxy_de_estado
sg_bdod_60-100cm_mean,bdod_60-100cm_mean,bdod,mean,60-100cm,138,-0.18669897036208727,0.02833743172101051,0.0020566758555954,0.980899883701868,0.04484467350023993,0.9961786980897476,130,24,3,FALSE,descartar
sg_ocd_30-60cm_uncertainty,ocd_30-60cm_uncertainty,ocd,uncertainty,30-60cm,138,0.31173579432523946,1.9769589450423317e-4,-0.001645312509757,0.9847196489631076,5.035067313154688e-4,0.9969521911862518,136,,,FALSE,solo_control_calidad
sg_ocd_30-60cm_Q0.5,ocd_30-60cm_Q0.5,ocd,Q0.5,30-60cm,138,0.3259394862447227,9.572549727964824e-5,-0.00109230968185243,0.9898551554177326,2.737413343260117e-4,0.9990488565516435,134,,,FALSE,proxy_de_estado
sg_clay_30-60cm_Q0.05,clay_30-60cm_Q0.05,clay,Q0.05,30-60cm,138,-0.3640240105340181,1.138912053596057e-5,-5.278698916635758e-4,0.9950972993543872,4.3172712729338905e-5,0.9999044917052856,138,,,FALSE,proxy_de_estado
sg_soc_100-200cm_Q0.95,soc_100-200cm_Q0.95,soc,Q0.95,100-200cm,138,0.4977600285913318,5.25176497017137e-10,-6.398510582887085e-5,0.9994057214701638,1.0700471126724169e-8,0.9999044917052856,133,,,FALSE,proxy_de_estado
sg_nitrogen_15-30cm_uncertainty,nitrogen_15-30cm_uncertainty,nitrogen,uncertainty,15-30cm,138,0.33592930895774026,5.623471304559378e-5,-1.0283238403656731e-5,0.9999044917052856,1.713319294660147e-4,0.9999044917052856,135,,,FALSE,solo_control_calidad
