variable,capa,servicio,profundidad,estadistico,rho_intra_estado,p_intra_bh,rho_global,n_distintos
sg_nitrogen_0-5cm_mean,nitrogen_0-5cm_mean,nitrogen,0-5cm,mean,0.24324747341087724,0.08236520488207982,0.6545513564478109,138
sg_ocd_60-100cm_mean,ocd_60-100cm_mean,ocd,60-100cm,mean,-0.21958701947890905,0.11663691897619724,0.03374202496012582,138
sg_sand_100-200cm_mean,sand_100-200cm_mean,sand,100-200cm,mean,0.18558625706305473,0.1965957804959189,0.02008094338724059,138
sg_ocd_100-200cm_mean,ocd_100-200cm_mean,ocd,100-200cm,mean,-0.18453364507324377,0.1965957804959189,0.1332184607308564,136
sg_cec_100-200cm_mean,cec_100-200cm_mean,cec,100-200cm,mean,-0.18334359061295827,0.1965957804959189,0.00283700560852462,137
sg_phh2o_100-200cm_mean,phh2o_100-200cm_mean,phh2o,100-200cm,mean,-0.17979537705061,0.20285870947529883,-0.21580855151427364,119
sg_cec_0-5cm_mean,cec_0-5cm_mean,cec,0-5cm,mean,-0.17151429692078504,0.24045324986402108,0.06625544486169539,138
sg_silt_0-5cm_mean,silt_0-5cm_mean,silt,0-5cm,mean,0.1610802972440063,0.27892703715407074,0.34236670050740087,138
sg_cfvo_15-30cm_mean,cfvo_15-30cm_mean,cfvo,15-30cm,mean,0.15132498742793787,0.316767045618771,0.4205192520813728,138
sg_soc_60-100cm_mean,soc_60-100cm_mean,soc,60-100cm,mean,0.14385482865803212,0.34591822903241787,0.5067526845991449,138
sg_nitrogen_100-200cm_mean,nitrogen_100-200cm_mean,nitrogen,100-200cm,mean,0.10109405511384996,0.5151337384617097,0.3666349288390821,137
