columna,grupo,descripcion,fuente
ID_POLIGONO,Identificación,Identificador AGC_###,Reto (despensa)
estado,Identificación,estado,Reto (despensa)
municipio,Identificación,municipio,Reto (despensa)
conjunto,Identificación,conjunto,Reto (despensa)
rendimiento_t_ha,Identificación,rendimiento_t_ha,Reto (despensa)
lon,Identificación,lon,Reto (despensa)
lat,Identificación,lat,Reto (despensa)
area_ha,Identificación,area_ha,Reto (despensa)
sg_Acrisols,SoilGrids (wrb),SoilGrids capa Acrisols (valor convertido),ISRIC SoilGrids 2.0
sg_Albeluvisols,SoilGrids (wrb),SoilGrids capa Albeluvisols (valor convertido),ISRIC SoilGrids 2.0
sg_Alisols,SoilGrids (wrb),SoilGrids capa Alisols (valor convertido),ISRIC SoilGrids 2.0
sg_Andosols,SoilGrids (wrb),SoilGrids capa Andosols (valor convertido),ISRIC SoilGrids 2.0
sg_Arenosols,SoilGrids (wrb),SoilGrids capa Arenosols (valor convertido),ISRIC SoilGrids 2.0
sg_bdod_0-5cm_mean,SoilGrids (bdod),SoilGrids capa bdod_0-5cm_mean (valor convertido),ISRIC SoilGrids 2.0
sg_bdod_0-5cm_Q0.05,SoilGrids (bdod),SoilGrids capa bdod_0-5cm_Q0.05 (valor convertido),ISRIC SoilGrids 2.0
sg_bdod_0-5cm_Q0.5,SoilGrids (bdod),SoilGrids capa bdod_0-5cm_Q0.5 (valor convertido),ISRIC SoilGrids 2.0
sg_bdod_0-5cm_Q0.95,SoilGrids (bdod),SoilGrids capa bdod_0-5cm_Q0.95 (valor convertido),ISRIC SoilGrids 2.0
sg_bdod_0-5cm_uncertainty,SoilGrids (bdod),SoilGrids capa bdod_0-5cm_uncertainty (valor convertido),ISRIC SoilGrids 2.0
sg_bdod_100-200cm_mean,SoilGrids (bdod),SoilGrids capa bdod_100-200cm_mean (valor convertido),ISRIC SoilGrids 2.0
sg_bdod_100-200cm_Q0.05,SoilGrids (bdod),SoilGrids capa bdod_100-200cm_Q0.05 (valor convertido),ISRIC SoilGrids 2.0
sg_bdod_100-200cm_Q0.5,SoilGrids (bdod),SoilGrids capa bdod_100-200cm_Q0.5 (valor convertido),ISRIC SoilGrids 2.0
sg_bdod_100-200cm_Q0.95,SoilGrids (bdod),SoilGrids capa bdod_100-200cm_Q0.95 (valor convertido),ISRIC SoilGrids 2.0
sg_bdod_100-200cm_uncertainty,SoilGrids (bdod),SoilGrids capa bdod_100-200cm_uncertainty (valor convertido),ISRIC SoilGrids 2.0
sg_bdod_15-30cm_mean,SoilGrids (bdod),SoilGrids capa bdod_15-30cm_mean (valor convertido),ISRIC SoilGrids 2.0
sg_bdod_15-30cm_Q0.05,SoilGrids (bdod),SoilGrids capa bdod_15-30cm_Q0.05 (valor convertido),ISRIC SoilGrids 2.0
sg_bdod_15-30cm_Q0.5,SoilGrids (bdod),SoilGrids capa bdod_15-30cm_Q0.5 (valor convertido),ISRIC SoilGrids 2.0
sg_bdod_15-30cm_Q0.95,SoilGrids (bdod),SoilGrids capa bdod_15-30cm_Q0.95 (valor convertido),ISRIC SoilGrids 2.0
sg_bdod_15-30cm_uncertainty,SoilGrids (bdod),SoilGrids capa bdod_15-30cm_uncertainty (valor convertido),ISRIC SoilGrids 2.0
sg_bdod_30-60cm_mean,SoilGrids (bdod),SoilGrids capa bdod_30-60cm_mean (valor convertido),ISRIC SoilGrids 2.0
sg_bdod_30-60cm_Q0.05,SoilGrids (bdod),SoilGrids capa bdod_30-60cm_Q0.05 (valor convertido),ISRIC SoilGrids 2.0
sg_bdod_30-60cm_Q0.5,SoilGrids (bdod),SoilGrids capa bdod_30-60cm_Q0.5 (valor convertido),ISRIC SoilGrids 2.0
sg_bdod_30-60cm_Q0.95,SoilGrids (bdod),SoilGrids capa bdod_30-60cm_Q0.95 (valor convertido),ISRIC SoilGrids 2.0
sg_bdod_30-60cm_uncertainty,SoilGrids (bdod),SoilGrids capa bdod_30-60cm_uncertainty (valor convertido),ISRIC SoilGrids 2.0
sg_bdod_5-15cm_mean,SoilGrids (bdod),SoilGrids capa bdod_5-15cm_mean (valor convertido),ISRIC SoilGrids 2.0
sg_bdod_5-15cm_Q0.05,SoilGrids (bdod),SoilGrids capa bdod_5-15cm_Q0.05 (valor convertido),ISRIC SoilGrids 2.0
sg_bdod_5-15cm_Q0.5,SoilGrids (bdod),SoilGrids capa bdod_5-15cm_Q0.5 (valor convertido),ISRIC SoilGrids 2.0
sg_bdod_5-15cm_Q0.95,SoilGrids (bdod),SoilGrids capa bdod_5-15cm_Q0.95 (valor convertido),ISRIC SoilGrids 2.0
sg_bdod_5-15cm_uncertainty,SoilGrids (bdod),SoilGrids capa bdod_5-15cm_uncertainty (valor convertido),ISRIC SoilGrids 2.0
sg_bdod_60-100cm_mean,SoilGrids (bdod),SoilGrids capa bdod_60-100cm_mean (valor convertido),ISRIC SoilGrids 2.0
sg_bdod_60-100cm_Q0.05,SoilGrids (bdod),SoilGrids capa bdod_60-100cm_Q0.05 (valor convertido),ISRIC SoilGrids 2.0
sg_bdod_60-100cm_Q0.5,SoilGrids (bdod),SoilGrids capa bdod_60-100cm_Q0.5 (valor convertido),ISRIC SoilGrids 2.0
sg_bdod_60-100cm_Q0.95,SoilGrids (bdod),SoilGrids capa bdod_60-100cm_Q0.95 (valor convertido),ISRIC SoilGrids 2.0
sg_bdod_60-100cm_uncertainty,SoilGrids (bdod),SoilGrids capa bdod_60-100cm_uncertainty (valor convertido),ISRIC SoilGrids 2.0
sg_Calcisols,SoilGrids (wrb),SoilGrids capa Calcisols (valor convertido),ISRIC SoilGrids 2.0
sg_Cambisols,SoilGrids (wrb),SoilGrids capa Cambisols (valor convertido),ISRIC SoilGrids 2.0
sg_cec_0-5cm_mean,SoilGrids (cec),SoilGrids capa cec_0-5cm_mean (valor convertido),ISRIC SoilGrids 2.0
sg_cec_0-5cm_Q0.05,SoilGrids (cec),SoilGrids capa cec_0-5cm_Q0.05 (valor convertido),ISRIC SoilGrids 2.0
sg_cec_0-5cm_Q0.5,SoilGrids (cec),SoilGrids capa cec_0-5cm_Q0.5 (valor convertido),ISRIC SoilGrids 2.0
sg_cec_0-5cm_Q0.95,SoilGrids (cec),SoilGrids capa cec_0-5cm_Q0.95 (valor convertido),ISRIC SoilGrids 2.0
sg_cec_0-5cm_uncertainty,SoilGrids (cec),SoilGrids capa cec_0-5cm_uncertainty (valor convertido),ISRIC SoilGrids 2.0
sg_cec_100-200cm_mean,SoilGrids (cec),SoilGrids capa cec_100-200cm_mean (valor convertido),ISRIC SoilGrids 2.0
sg_cec_100-200cm_Q0.05,SoilGrids (cec),SoilGrids capa cec_100-200cm_Q0.05 (valor convertido),ISRIC SoilGrids 2.0
sg_cec_100-200cm_Q0.5,SoilGrids (cec),SoilGrids capa cec_100-200cm_Q0.5 (valor convertido),ISRIC SoilGrids 2.0
sg_cec_100-200cm_Q0.95,SoilGrids (cec),SoilGrids capa cec_100-200cm_Q0.95 (valor convertido),ISRIC SoilGrids 2.0
sg_cec_100-200cm_uncertainty,SoilGrids (cec),SoilGrids capa cec_100-200cm_uncertainty (valor convertido),ISRIC SoilGrids 2.0
sg_cec_15-30cm_mean,SoilGrids (cec),SoilGrids capa cec_15-30cm_mean (valor convertido),ISRIC SoilGrids 2.0
sg_cec_15-30cm_Q0.05,SoilGrids (cec),SoilGrids capa cec_15-30cm_Q0.05 (valor convertido),ISRIC SoilGrids 2.0
sg_cec_15-30cm_Q0.5,SoilGrids (cec),SoilGrids capa cec_15-30cm_Q0.5 (valor convertido),ISRIC SoilGrids 2.0
sg_cec_15-30cm_Q0.95,SoilGrids (cec),SoilGrids capa cec_15-30cm_Q0.95 (valor convertido),ISRIC SoilGrids 2.0
sg_cec_15-30cm_uncertainty,SoilGrids (cec),SoilGrids capa cec_15-30cm_uncertainty (valor convertido),ISRIC SoilGrids 2.0
sg_cec_30-60cm_mean,SoilGrids (cec),SoilGrids capa cec_30-60cm_mean (valor convertido),ISRIC SoilGrids 2.0
sg_cec_30-60cm_Q0.05,SoilGrids (cec),SoilGrids capa cec_30-60cm_Q0.05 (valor convertido),ISRIC SoilGrids 2.0
sg_cec_30-60cm_Q0.5,SoilGrids (cec),SoilGrids capa cec_30-60cm_Q0.5 (valor convertido),ISRIC SoilGrids 2.0
sg_cec_30-60cm_Q0.95,SoilGrids (cec),SoilGrids capa cec_30-60cm_Q0.95 (valor convertido),ISRIC SoilGrids 2.0
sg_cec_30-60cm_uncertainty,SoilGrids (cec),SoilGrids capa cec_30-60cm_uncertainty (valor convertido),ISRIC SoilGrids 2.0
sg_cec_5-15cm_mean,SoilGrids (cec),SoilGrids capa cec_5-15cm_mean (valor convertido),ISRIC SoilGrids 2.0
sg_cec_5-15cm_Q0.05,SoilGrids (cec),SoilGrids capa cec_5-15cm_Q0.05 (valor convertido),ISRIC SoilGrids 2.0
sg_cec_5-15cm_Q0.5,SoilGrids (cec),SoilGrids capa cec_5-15cm_Q0.5 (valor convertido),ISRIC SoilGrids 2.0
sg_cec_5-15cm_Q0.95,SoilGrids (cec),SoilGrids capa cec_5-15cm_Q0.95 (valor convertido),ISRIC SoilGrids 2.0
sg_cec_5-15cm_uncertainty,SoilGrids (cec),SoilGrids capa cec_5-15cm_uncertainty (valor convertido),ISRIC SoilGrids 2.0
sg_cec_60-100cm_mean,SoilGrids (cec),SoilGrids capa cec_60-100cm_mean (valor convertido),ISRIC SoilGrids 2.0
sg_cec_60-100cm_Q0.05,SoilGrids (cec),SoilGrids capa cec_60-100cm_Q0.05 (valor convertido),ISRIC SoilGrids 2.0
sg_cec_60-100cm_Q0.5,SoilGrids (cec),SoilGrids capa cec_60-100cm_Q0.5 (valor convertido),ISRIC SoilGrids 2.0
sg_cec_60-100cm_Q0.95,SoilGrids (cec),SoilGrids capa cec_60-100cm_Q0.95 (valor convertido),ISRIC SoilGrids 2.0
sg_cec_60-100cm_uncertainty,SoilGrids (cec),SoilGrids capa cec_60-100cm_uncertainty (valor convertido),ISRIC SoilGrids 2.0
sg_cfvo_0-5cm_mean,SoilGrids (cfvo),SoilGrids capa cfvo_0-5cm_mean (valor convertido),ISRIC SoilGrids 2.0
sg_cfvo_0-5cm_Q0.05,SoilGrids (cfvo),SoilGrids capa cfvo_0-5cm_Q0.05 (valor convertido),ISRIC SoilGrids 2.0
sg_cfvo_0-5cm_Q0.5,SoilGrids (cfvo),SoilGrids capa cfvo_0-5cm_Q0.5 (valor convertido),ISRIC SoilGrids 2.0
sg_cfvo_0-5cm_Q0.95,SoilGrids (cfvo),SoilGrids capa cfvo_0-5cm_Q0.95 (valor convertido),ISRIC SoilGrids 2.0
sg_cfvo_0-5cm_uncertainty,SoilGrids (cfvo),SoilGrids capa cfvo_0-5cm_uncertainty (valor convertido),ISRIC SoilGrids 2.0
sg_cfvo_100-200cm_mean,SoilGrids (cfvo),SoilGrids capa cfvo_100-200cm_mean (valor convertido),ISRIC SoilGrids 2.0
sg_cfvo_100-200cm_Q0.05,SoilGrids (cfvo),SoilGrids capa cfvo_100-200cm_Q0.05 (valor convertido),ISRIC SoilGrids 2.0
sg_cfvo_100-200cm_Q0.5,SoilGrids (cfvo),SoilGrids capa cfvo_100-200cm_Q0.5 (valor convertido),ISRIC SoilGrids 2.0
sg_cfvo_100-200cm_Q0.95,SoilGrids (cfvo),SoilGrids capa cfvo_100-200cm_Q0.95 (valor convertido),ISRIC SoilGrids 2.0
sg_cfvo_100-200cm_uncertainty,SoilGrids (cfvo),SoilGrids capa cfvo_100-200cm_uncertainty (valor convertido),ISRIC SoilGrids 2.0
sg_cfvo_15-30cm_mean,SoilGrids (cfvo),SoilGrids capa cfvo_15-30cm_mean (valor convertido),ISRIC SoilGrids 2.0
sg_cfvo_15-30cm_Q0.05,SoilGrids (cfvo),SoilGrids capa cfvo_15-30cm_Q0.05 (valor convertido),ISRIC SoilGrids 2.0
sg_cfvo_15-30cm_Q0.5,SoilGrids (cfvo),SoilGrids capa cfvo_15-30cm_Q0.5 (valor convertido),ISRIC SoilGrids 2.0
sg_cfvo_15-30cm_Q0.95,SoilGrids (cfvo),SoilGrids capa cfvo_15-30cm_Q0.95 (valor convertido),ISRIC SoilGrids 2.0
sg_cfvo_15-30cm_uncertainty,SoilGrids (cfvo),SoilGrids capa cfvo_15-30cm_uncertainty (valor convertido),ISRIC SoilGrids 2.0
sg_cfvo_30-60cm_mean,SoilGrids (cfvo),SoilGrids capa cfvo_30-60cm_mean (valor convertido),ISRIC SoilGrids 2.0
sg_cfvo_30-60cm_Q0.05,SoilGrids (cfvo),SoilGrids capa cfvo_30-60cm_Q0.05 (valor convertido),ISRIC SoilGrids 2.0
sg_cfvo_30-60cm_Q0.5,SoilGrids (cfvo),SoilGrids capa cfvo_30-60cm_Q0.5 (valor convertido),ISRIC SoilGrids 2.0
sg_cfvo_30-60cm_Q0.95,SoilGrids (cfvo),SoilGrids capa cfvo_30-60cm_Q0.95 (valor convertido),ISRIC SoilGrids 2.0
sg_cfvo_30-60cm_uncertainty,SoilGrids (cfvo),SoilGrids capa cfvo_30-60cm_uncertainty (valor convertido),ISRIC SoilGrids 2.0
sg_cfvo_5-15cm_mean,SoilGrids (cfvo),SoilGrids capa cfvo_5-15cm_mean (valor convertido),ISRIC SoilGrids 2.0
sg_cfvo_5-15cm_Q0.05,SoilGrids (cfvo),SoilGrids capa cfvo_5-15cm_Q0.05 (valor convertido),ISRIC SoilGrids 2.0
sg_cfvo_5-15cm_Q0.5,SoilGrids (cfvo),SoilGrids capa cfvo_5-15cm_Q0.5 (valor convertido),ISRIC SoilGrids 2.0
sg_cfvo_5-15cm_Q0.95,SoilGrids (cfvo),SoilGrids capa cfvo_5-15cm_Q0.95 (valor convertido),ISRIC SoilGrids 2.0
sg_cfvo_5-15cm_uncertainty,SoilGrids (cfvo),SoilGrids capa cfvo_5-15cm_uncertainty (valor convertido),ISRIC SoilGrids 2.0
sg_cfvo_60-100cm_mean,SoilGrids (cfvo),SoilGrids capa cfvo_60-100cm_mean (valor convertido),ISRIC SoilGrids 2.0
sg_cfvo_60-100cm_Q0.05,SoilGrids (cfvo),SoilGrids capa cfvo_60-100cm_Q0.05 (valor convertido),ISRIC SoilGrids 2.0
sg_cfvo_60-100cm_Q0.5,SoilGrids (cfvo),SoilGrids capa cfvo_60-100cm_Q0.5 (valor convertido),ISRIC SoilGrids 2.0
sg_cfvo_60-100cm_Q0.95,SoilGrids (cfvo),SoilGrids capa cfvo_60-100cm_Q0.95 (valor convertido),ISRIC SoilGrids 2.0
sg_cfvo_60-100cm_uncertainty,SoilGrids (cfvo),SoilGrids capa cfvo_60-100cm_uncertainty (valor convertido),ISRIC SoilGrids 2.0
sg_Chernozems,SoilGrids (wrb),SoilGrids capa Chernozems (valor convertido),ISRIC SoilGrids 2.0
sg_clay_0-5cm_mean,SoilGrids (clay),SoilGrids capa clay_0-5cm_mean (valor convertido),ISRIC SoilGrids 2.0
sg_clay_0-5cm_Q0.05,SoilGrids (clay),SoilGrids capa clay_0-5cm_Q0.05 (valor convertido),ISRIC SoilGrids 2.0
sg_clay_0-5cm_Q0.5,SoilGrids (clay),SoilGrids capa clay_0-5cm_Q0.5 (valor convertido),ISRIC SoilGrids 2.0
sg_clay_0-5cm_Q0.95,SoilGrids (clay),SoilGrids capa clay_0-5cm_Q0.95 (valor convertido),ISRIC SoilGrids 2.0
sg_clay_0-5cm_uncertainty,SoilGrids (clay),SoilGrids capa clay_0-5cm_uncertainty (valor convertido),ISRIC SoilGrids 2.0
sg_clay_100-200cm_mean,SoilGrids (clay),SoilGrids capa clay_100-200cm_mean (valor convertido),ISRIC SoilGrids 2.0
sg_clay_100-200cm_Q0.05,SoilGrids (clay),SoilGrids capa clay_100-200cm_Q0.05 (valor convertido),ISRIC SoilGrids 2.0
sg_clay_100-200cm_Q0.5,SoilGrids (clay),SoilGrids capa clay_100-200cm_Q0.5 (valor convertido),ISRIC SoilGrids 2.0
sg_clay_100-200cm_Q0.95,SoilGrids (clay),SoilGrids capa clay_100-200cm_Q0.95 (valor convertido),ISRIC SoilGrids 2.0
sg_clay_100-200cm_uncertainty,SoilGrids (clay),SoilGrids capa clay_100-200cm_uncertainty (valor convertido),ISRIC SoilGrids 2.0
sg_clay_15-30cm_mean,SoilGrids (clay),SoilGrids capa clay_15-30cm_mean (valor convertido),ISRIC SoilGrids 2.0
sg_clay_15-30cm_Q0.05,SoilGrids (clay),SoilGrids capa clay_15-30cm_Q0.05 (valor convertido),ISRIC SoilGrids 2.0
sg_clay_15-30cm_Q0.5,SoilGrids (clay),SoilGrids capa clay_15-30cm_Q0.5 (valor convertido),ISRIC SoilGrids 2.0
sg_clay_15-30cm_Q0.95,SoilGrids (clay),SoilGrids capa clay_15-30cm_Q0.95 (valor convertido),ISRIC SoilGrids 2.0
sg_clay_15-30cm_uncertainty,SoilGrids (clay),SoilGrids capa clay_15-30cm_uncertainty (valor convertido),ISRIC SoilGrids 2.0
sg_clay_30-60cm_mean,SoilGrids (clay),SoilGrids capa clay_30-60cm_mean (valor convertido),ISRIC SoilGrids 2.0
sg_clay_30-60cm_Q0.05,SoilGrids (clay),SoilGrids capa clay_30-60cm_Q0.05 (valor convertido),ISRIC SoilGrids 2.0
sg_clay_30-60cm_Q0.5,SoilGrids (clay),SoilGrids capa clay_30-60cm_Q0.5 (valor convertido),ISRIC SoilGrids 2.0
sg_clay_30-60cm_Q0.95,SoilGrids (clay),SoilGrids capa clay_30-60cm_Q0.95 (valor convertido),ISRIC SoilGrids 2.0
sg_clay_30-60cm_uncertainty,SoilGrids (clay),SoilGrids capa clay_30-60cm_uncertainty (valor convertido),ISRIC SoilGrids 2.0
sg_clay_5-15cm_mean,SoilGrids (clay),SoilGrids capa clay_5-15cm_mean (valor convertido),ISRIC SoilGrids 2.0
sg_clay_5-15cm_Q0.05,SoilGrids (clay),SoilGrids capa clay_5-15cm_Q0.05 (valor convertido),ISRIC SoilGrids 2.0
sg_clay_5-15cm_Q0.5,SoilGrids (clay),SoilGrids capa clay_5-15cm_Q0.5 (valor convertido),ISRIC SoilGrids 2.0
sg_clay_5-15cm_Q0.95,SoilGrids (clay),SoilGrids capa clay_5-15cm_Q0.95 (valor convertido),ISRIC SoilGrids 2.0
sg_clay_5-15cm_uncertainty,SoilGrids (clay),SoilGrids capa clay_5-15cm_uncertainty (valor convertido),ISRIC SoilGrids 2.0
sg_clay_60-100cm_mean,SoilGrids (clay),SoilGrids capa clay_60-100cm_mean (valor convertido),ISRIC SoilGrids 2.0
sg_clay_60-100cm_Q0.05,SoilGrids (clay),SoilGrids capa clay_60-100cm_Q0.05 (valor convertido),ISRIC SoilGrids 2.0
sg_clay_60-100cm_Q0.5,SoilGrids (clay),SoilGrids capa clay_60-100cm_Q0.5 (valor convertido),ISRIC SoilGrids 2.0
sg_clay_60-100cm_Q0.95,SoilGrids (clay),SoilGrids capa clay_60-100cm_Q0.95 (valor convertido),ISRIC SoilGrids 2.0
sg_clay_60-100cm_uncertainty,SoilGrids (clay),SoilGrids capa clay_60-100cm_uncertainty (valor convertido),ISRIC SoilGrids 2.0
sg_Cryosols,SoilGrids (wrb),SoilGrids capa Cryosols (valor convertido),ISRIC SoilGrids 2.0
sg_Durisols,SoilGrids (wrb),SoilGrids capa Durisols (valor convertido),ISRIC SoilGrids 2.0
sg_Ferralsols,SoilGrids (wrb),SoilGrids capa Ferralsols (valor convertido),ISRIC SoilGrids 2.0
sg_Fluvisols,SoilGrids (wrb),SoilGrids capa Fluvisols (valor convertido),ISRIC SoilGrids 2.0
sg_Gleysols,SoilGrids (wrb),SoilGrids capa Gleysols (valor convertido),ISRIC SoilGrids 2.0
sg_Gypsisols,SoilGrids (wrb),SoilGrids capa Gypsisols (valor convertido),ISRIC SoilGrids 2.0
sg_Histosols,SoilGrids (wrb),SoilGrids capa Histosols (valor convertido),ISRIC SoilGrids 2.0
sg_Kastanozems,SoilGrids (wrb),SoilGrids capa Kastanozems (valor convertido),ISRIC SoilGrids 2.0
sg_Leptosols,SoilGrids (wrb),SoilGrids capa Leptosols (valor convertido),ISRIC SoilGrids 2.0
sg_Lixisols,SoilGrids (wrb),SoilGrids capa Lixisols (valor convertido),ISRIC SoilGrids 2.0
sg_Luvisols,SoilGrids (wrb),SoilGrids capa Luvisols (valor convertido),ISRIC SoilGrids 2.0
sg_MostProbable,SoilGrids (wrb),SoilGrids capa MostProbable (valor convertido),ISRIC SoilGrids 2.0
sg_Nitisols,SoilGrids (wrb),SoilGrids capa Nitisols (valor convertido),ISRIC SoilGrids 2.0
sg_nitrogen_0-5cm_mean,SoilGrids (nitrogen),SoilGrids capa nitrogen_0-5cm_mean (valor convertido),ISRIC SoilGrids 2.0
sg_nitrogen_0-5cm_Q0.05,SoilGrids (nitrogen),SoilGrids capa nitrogen_0-5cm_Q0.05 (valor convertido),ISRIC SoilGrids 2.0
sg_nitrogen_0-5cm_Q0.5,SoilGrids (nitrogen),SoilGrids capa nitrogen_0-5cm_Q0.5 (valor convertido),ISRIC SoilGrids 2.0
sg_nitrogen_0-5cm_Q0.95,SoilGrids (nitrogen),SoilGrids capa nitrogen_0-5cm_Q0.95 (valor convertido),ISRIC SoilGrids 2.0
sg_nitrogen_0-5cm_uncertainty,SoilGrids (nitrogen),SoilGrids capa nitrogen_0-5cm_uncertainty (valor convertido),ISRIC SoilGrids 2.0
sg_nitrogen_100-200cm_mean,SoilGrids (nitrogen),SoilGrids capa nitrogen_100-200cm_mean (valor convertido),ISRIC SoilGrids 2.0
sg_nitrogen_100-200cm_Q0.05,SoilGrids (nitrogen),SoilGrids capa nitrogen_100-200cm_Q0.05 (valor convertido),ISRIC SoilGrids 2.0
sg_nitrogen_100-200cm_Q0.5,SoilGrids (nitrogen),SoilGrids capa nitrogen_100-200cm_Q0.5 (valor convertido),ISRIC SoilGrids 2.0
sg_nitrogen_100-200cm_Q0.95,SoilGrids (nitrogen),SoilGrids capa nitrogen_100-200cm_Q0.95 (valor convertido),ISRIC SoilGrids 2.0
sg_nitrogen_100-200cm_uncertainty,SoilGrids (nitrogen),SoilGrids capa nitrogen_100-200cm_uncertainty (valor convertido),ISRIC SoilGrids 2.0
sg_nitrogen_15-30cm_mean,SoilGrids (nitrogen),SoilGrids capa nitrogen_15-30cm_mean (valor convertido),ISRIC SoilGrids 2.0
sg_nitrogen_15-30cm_Q0.05,SoilGrids (nitrogen),SoilGrids capa nitrogen_15-30cm_Q0.05 (valor convertido),ISRIC SoilGrids 2.0
sg_nitrogen_15-30cm_Q0.5,SoilGrids (nitrogen),SoilGrids capa nitrogen_15-30cm_Q0.5 (valor convertido),ISRIC SoilGrids 2.0
sg_nitrogen_15-30cm_Q0.95,SoilGrids (nitrogen),SoilGrids capa nitrogen_15-30cm_Q0.95 (valor convertido),ISRIC SoilGrids 2.0
sg_nitrogen_15-30cm_uncertainty,SoilGrids (nitrogen),SoilGrids capa nitrogen_15-30cm_uncertainty (valor convertido),ISRIC SoilGrids 2.0
sg_nitrogen_30-60cm_mean,SoilGrids (nitrogen),SoilGrids capa nitrogen_30-60cm_mean (valor convertido),ISRIC SoilGrids 2.0
sg_nitrogen_30-60cm_Q0.05,SoilGrids (nitrogen),SoilGrids capa nitrogen_30-60cm_Q0.05 (valor convertido),ISRIC SoilGrids 2.0
sg_nitrogen_30-60cm_Q0.5,SoilGrids (nitrogen),SoilGrids capa nitrogen_30-60cm_Q0.5 (valor convertido),ISRIC SoilGrids 2.0
sg_nitrogen_30-60cm_Q0.95,SoilGrids (nitrogen),SoilGrids capa nitrogen_30-60cm_Q0.95 (valor convertido),ISRIC SoilGrids 2.0
sg_nitrogen_30-60cm_uncertainty,SoilGrids (nitrogen),SoilGrids capa nitrogen_30-60cm_uncertainty (valor convertido),ISRIC SoilGrids 2.0
sg_nitrogen_5-15cm_mean,SoilGrids (nitrogen),SoilGrids capa nitrogen_5-15cm_mean (valor convertido),ISRIC SoilGrids 2.0
sg_nitrogen_5-15cm_Q0.05,SoilGrids (nitrogen),SoilGrids capa nitrogen_5-15cm_Q0.05 (valor convertido),ISRIC SoilGrids 2.0
sg_nitrogen_5-15cm_Q0.5,SoilGrids (nitrogen),SoilGrids capa nitrogen_5-15cm_Q0.5 (valor convertido),ISRIC SoilGrids 2.0
sg_nitrogen_5-15cm_Q0.95,SoilGrids (nitrogen),SoilGrids capa nitrogen_5-15cm_Q0.95 (valor convertido),ISRIC SoilGrids 2.0
sg_nitrogen_5-15cm_uncertainty,SoilGrids (nitrogen),SoilGrids capa nitrogen_5-15cm_uncertainty (valor convertido),ISRIC SoilGrids 2.0
sg_nitrogen_60-100cm_mean,SoilGrids (nitrogen),SoilGrids capa nitrogen_60-100cm_mean (valor convertido),ISRIC SoilGrids 2.0
sg_nitrogen_60-100cm_Q0.05,SoilGrids (nitrogen),SoilGrids capa nitrogen_60-100cm_Q0.05 (valor convertido),ISRIC SoilGrids 2.0
sg_nitrogen_60-100cm_Q0.5,SoilGrids (nitrogen),SoilGrids capa nitrogen_60-100cm_Q0.5 (valor convertido),ISRIC SoilGrids 2.0
sg_nitrogen_60-100cm_Q0.95,SoilGrids (nitrogen),SoilGrids capa nitrogen_60-100cm_Q0.95 (valor convertido),ISRIC SoilGrids 2.0
sg_nitrogen_60-100cm_uncertainty,SoilGrids (nitrogen),SoilGrids capa nitrogen_60-100cm_uncertainty (valor convertido),ISRIC SoilGrids 2.0
sg_ocd_0-5cm_mean,SoilGrids (ocd),SoilGrids capa ocd_0-5cm_mean (valor convertido),ISRIC SoilGrids 2.0
sg_ocd_0-5cm_Q0.05,SoilGrids (ocd),SoilGrids capa ocd_0-5cm_Q0.05 (valor convertido),ISRIC SoilGrids 2.0
sg_ocd_0-5cm_Q0.5,SoilGrids (ocd),SoilGrids capa ocd_0-5cm_Q0.5 (valor convertido),ISRIC SoilGrids 2.0
sg_ocd_0-5cm_Q0.95,SoilGrids (ocd),SoilGrids capa ocd_0-5cm_Q0.95 (valor convertido),ISRIC SoilGrids 2.0
sg_ocd_0-5cm_uncertainty,SoilGrids (ocd),SoilGrids capa ocd_0-5cm_uncertainty (valor convertido),ISRIC SoilGrids 2.0
sg_ocd_100-200cm_mean,SoilGrids (ocd),SoilGrids capa ocd_100-200cm_mean (valor convertido),ISRIC SoilGrids 2.0
sg_ocd_100-200cm_Q0.05,SoilGrids (ocd),SoilGrids capa ocd_100-200cm_Q0.05 (valor convertido),ISRIC SoilGrids 2.0
sg_ocd_100-200cm_Q0.5,SoilGrids (ocd),SoilGrids capa ocd_100-200cm_Q0.5 (valor convertido),ISRIC SoilGrids 2.0
sg_ocd_100-200cm_Q0.95,SoilGrids (ocd),SoilGrids capa ocd_100-200cm_Q0.95 (valor convertido),ISRIC SoilGrids 2.0
sg_ocd_100-200cm_uncertainty,SoilGrids (ocd),SoilGrids capa ocd_100-200cm_uncertainty (valor convertido),ISRIC SoilGrids 2.0
sg_ocd_15-30cm_mean,SoilGrids (ocd),SoilGrids capa ocd_15-30cm_mean (valor convertido),ISRIC SoilGrids 2.0
sg_ocd_15-30cm_Q0.05,SoilGrids (ocd),SoilGrids capa ocd_15-30cm_Q0.05 (valor convertido),ISRIC SoilGrids 2.0
sg_ocd_15-30cm_Q0.5,SoilGrids (ocd),SoilGrids capa ocd_15-30cm_Q0.5 (valor convertido),ISRIC SoilGrids 2.0
sg_ocd_15-30cm_Q0.95,SoilGrids (ocd),SoilGrids capa ocd_15-30cm_Q0.95 (valor convertido),ISRIC SoilGrids 2.0
sg_ocd_15-30cm_uncertainty,SoilGrids (ocd),SoilGrids capa ocd_15-30cm_uncertainty (valor convertido),ISRIC SoilGrids 2.0
sg_ocd_30-60cm_mean,SoilGrids (ocd),SoilGrids capa ocd_30-60cm_mean (valor convertido),ISRIC SoilGrids 2.0
sg_ocd_30-60cm_Q0.05,SoilGrids (ocd),SoilGrids capa ocd_30-60cm_Q0.05 (valor convertido),ISRIC SoilGrids 2.0
sg_ocd_30-60cm_Q0.5,SoilGrids (ocd),SoilGrids capa ocd_30-60cm_Q0.5 (valor convertido),ISRIC SoilGrids 2.0
sg_ocd_30-60cm_Q0.95,SoilGrids (ocd),SoilGrids capa ocd_30-60cm_Q0.95 (valor convertido),ISRIC SoilGrids 2.0
sg_ocd_30-60cm_uncertainty,SoilGrids (ocd),SoilGrids capa ocd_30-60cm_uncertainty (valor convertido),ISRIC SoilGrids 2.0
sg_ocd_5-15cm_mean,SoilGrids (ocd),SoilGrids capa ocd_5-15cm_mean (valor convertido),ISRIC SoilGrids 2.0
sg_ocd_5-15cm_Q0.05,SoilGrids (ocd),SoilGrids capa ocd_5-15cm_Q0.05 (valor convertido),ISRIC SoilGrids 2.0
sg_ocd_5-15cm_Q0.5,SoilGrids (ocd),SoilGrids capa ocd_5-15cm_Q0.5 (valor convertido),ISRIC SoilGrids 2.0
sg_ocd_5-15cm_Q0.95,SoilGrids (ocd),SoilGrids capa ocd_5-15cm_Q0.95 (valor convertido),ISRIC SoilGrids 2.0
sg_ocd_5-15cm_uncertainty,SoilGrids (ocd),SoilGrids capa ocd_5-15cm_uncertainty (valor convertido),ISRIC SoilGrids 2.0
sg_ocd_60-100cm_mean,SoilGrids (ocd),SoilGrids capa ocd_60-100cm_mean (valor convertido),ISRIC SoilGrids 2.0
sg_ocd_60-100cm_Q0.05,SoilGrids (ocd),SoilGrids capa ocd_60-100cm_Q0.05 (valor convertido),ISRIC SoilGrids 2.0
sg_ocd_60-100cm_Q0.5,SoilGrids (ocd),SoilGrids capa ocd_60-100cm_Q0.5 (valor convertido),ISRIC SoilGrids 2.0
sg_ocd_60-100cm_Q0.95,SoilGrids (ocd),SoilGrids capa ocd_60-100cm_Q0.95 (valor convertido),ISRIC SoilGrids 2.0
sg_ocd_60-100cm_uncertainty,SoilGrids (ocd),SoilGrids capa ocd_60-100cm_uncertainty (valor convertido),ISRIC SoilGrids 2.0
sg_ocs_0-30cm_mean,SoilGrids (ocs),SoilGrids capa ocs_0-30cm_mean (valor convertido),ISRIC SoilGrids 2.0
sg_ocs_0-30cm_Q0.05,SoilGrids (ocs),SoilGrids capa ocs_0-30cm_Q0.05 (valor convertido),ISRIC SoilGrids 2.0
sg_ocs_0-30cm_Q0.5,SoilGrids (ocs),SoilGrids capa ocs_0-30cm_Q0.5 (valor convertido),ISRIC SoilGrids 2.0
sg_ocs_0-30cm_Q0.95,SoilGrids (ocs),SoilGrids capa ocs_0-30cm_Q0.95 (valor convertido),ISRIC SoilGrids 2.0
sg_ocs_0-30cm_uncertainty,SoilGrids (ocs),SoilGrids capa ocs_0-30cm_uncertainty (valor convertido),ISRIC SoilGrids 2.0
sg_Phaeozems,SoilGrids (wrb),SoilGrids capa Phaeozems (valor convertido),ISRIC SoilGrids 2.0
sg_phh2o_0-5cm_mean,SoilGrids (phh2o),SoilGrids capa phh2o_0-5cm_mean (valor convertido),ISRIC SoilGrids 2.0
sg_phh2o_0-5cm_Q0.05,SoilGrids (phh2o),SoilGrids capa phh2o_0-5cm_Q0.05 (valor convertido),ISRIC SoilGrids 2.0
sg_phh2o_0-5cm_Q0.5,SoilGrids (phh2o),SoilGrids capa phh2o_0-5cm_Q0.5 (valor convertido),ISRIC SoilGrids 2.0
sg_phh2o_0-5cm_Q0.95,SoilGrids (phh2o),SoilGrids capa phh2o_0-5cm_Q0.95 (valor convertido),ISRIC SoilGrids 2.0
sg_phh2o_0-5cm_uncertainty,SoilGrids (phh2o),SoilGrids capa phh2o_0-5cm_uncertainty (valor convertido),ISRIC SoilGrids 2.0
sg_phh2o_100-200cm_mean,SoilGrids (phh2o),SoilGrids capa phh2o_100-200cm_mean (valor convertido),ISRIC SoilGrids 2.0
sg_phh2o_100-200cm_Q0.05,SoilGrids (phh2o),SoilGrids capa phh2o_100-200cm_Q0.05 (valor convertido),ISRIC SoilGrids 2.0
sg_phh2o_100-200cm_Q0.5,SoilGrids (phh2o),SoilGrids capa phh2o_100-200cm_Q0.5 (valor convertido),ISRIC SoilGrids 2.0
sg_phh2o_100-200cm_Q0.95,SoilGrids (phh2o),SoilGrids capa phh2o_100-200cm_Q0.95 (valor convertido),ISRIC SoilGrids 2.0
sg_phh2o_100-200cm_uncertainty,SoilGrids (phh2o),SoilGrids capa phh2o_100-200cm_uncertainty (valor convertido),ISRIC SoilGrids 2.0
sg_phh2o_15-30cm_mean,SoilGrids (phh2o),SoilGrids capa phh2o_15-30cm_mean (valor convertido),ISRIC SoilGrids 2.0
sg_phh2o_15-30cm_Q0.05,SoilGrids (phh2o),SoilGrids capa phh2o_15-30cm_Q0.05 (valor convertido),ISRIC SoilGrids 2.0
sg_phh2o_15-30cm_Q0.5,SoilGrids (phh2o),SoilGrids capa phh2o_15-30cm_Q0.5 (valor convertido),ISRIC SoilGrids 2.0
sg_phh2o_15-30cm_Q0.95,SoilGrids (phh2o),SoilGrids capa phh2o_15-30cm_Q0.95 (valor convertido),ISRIC SoilGrids 2.0
sg_phh2o_15-30cm_uncertainty,SoilGrids (phh2o),SoilGrids capa phh2o_15-30cm_uncertainty (valor convertido),ISRIC SoilGrids 2.0
sg_phh2o_30-60cm_mean,SoilGrids (phh2o),SoilGrids capa phh2o_30-60cm_mean (valor convertido),ISRIC SoilGrids 2.0
sg_phh2o_30-60cm_Q0.05,SoilGrids (phh2o),SoilGrids capa phh2o_30-60cm_Q0.05 (valor convertido),ISRIC SoilGrids 2.0
sg_phh2o_30-60cm_Q0.5,SoilGrids (phh2o),SoilGrids capa phh2o_30-60cm_Q0.5 (valor convertido),ISRIC SoilGrids 2.0
sg_phh2o_30-60cm_Q0.95,SoilGrids (phh2o),SoilGrids capa phh2o_30-60cm_Q0.95 (valor convertido),ISRIC SoilGrids 2.0
sg_phh2o_30-60cm_uncertainty,SoilGrids (phh2o),SoilGrids capa phh2o_30-60cm_uncertainty (valor convertido),ISRIC SoilGrids 2.0
sg_phh2o_5-15cm_mean,SoilGrids (phh2o),SoilGrids capa phh2o_5-15cm_mean (valor convertido),ISRIC SoilGrids 2.0
sg_phh2o_5-15cm_Q0.05,SoilGrids (phh2o),SoilGrids capa phh2o_5-15cm_Q0.05 (valor convertido),ISRIC SoilGrids 2.0
sg_phh2o_5-15cm_Q0.5,SoilGrids (phh2o),SoilGrids capa phh2o_5-15cm_Q0.5 (valor convertido),ISRIC SoilGrids 2.0
sg_phh2o_5-15cm_Q0.95,SoilGrids (phh2o),SoilGrids capa phh2o_5-15cm_Q0.95 (valor convertido),ISRIC SoilGrids 2.0
sg_phh2o_5-15cm_uncertainty,SoilGrids (phh2o),SoilGrids capa phh2o_5-15cm_uncertainty (valor convertido),ISRIC SoilGrids 2.0
sg_phh2o_60-100cm_mean,SoilGrids (phh2o),SoilGrids capa phh2o_60-100cm_mean (valor convertido),ISRIC SoilGrids 2.0
sg_phh2o_60-100cm_Q0.05,SoilGrids (phh2o),SoilGrids capa phh2o_60-100cm_Q0.05 (valor convertido),ISRIC SoilGrids 2.0
sg_phh2o_60-100cm_Q0.5,SoilGrids (phh2o),SoilGrids capa phh2o_60-100cm_Q0.5 (valor convertido),ISRIC SoilGrids 2.0
sg_phh2o_60-100cm_Q0.95,SoilGrids (phh2o),SoilGrids capa phh2o_60-100cm_Q0.95 (valor convertido),ISRIC SoilGrids 2.0
sg_phh2o_60-100cm_uncertainty,SoilGrids (phh2o),SoilGrids capa phh2o_60-100cm_uncertainty (valor convertido),ISRIC SoilGrids 2.0
sg_Planosols,SoilGrids (wrb),SoilGrids capa Planosols (valor convertido),ISRIC SoilGrids 2.0
sg_Plinthosols,SoilGrids (wrb),SoilGrids capa Plinthosols (valor convertido),ISRIC SoilGrids 2.0
sg_Podzols,SoilGrids (wrb),SoilGrids capa Podzols (valor convertido),ISRIC SoilGrids 2.0
sg_Regosols,SoilGrids (wrb),SoilGrids capa Regosols (valor convertido),ISRIC SoilGrids 2.0
sg_sand_0-5cm_mean,SoilGrids (sand),SoilGrids capa sand_0-5cm_mean (valor convertido),ISRIC SoilGrids 2.0
sg_sand_0-5cm_Q0.05,SoilGrids (sand),SoilGrids capa sand_0-5cm_Q0.05 (valor convertido),ISRIC SoilGrids 2.0
sg_sand_0-5cm_Q0.5,SoilGrids (sand),SoilGrids capa sand_0-5cm_Q0.5 (valor convertido),ISRIC SoilGrids 2.0
sg_sand_0-5cm_Q0.95,SoilGrids (sand),SoilGrids capa sand_0-5cm_Q0.95 (valor convertido),ISRIC SoilGrids 2.0
sg_sand_0-5cm_uncertainty,SoilGrids (sand),SoilGrids capa sand_0-5cm_uncertainty (valor convertido),ISRIC SoilGrids 2.0
sg_sand_100-200cm_mean,SoilGrids (sand),SoilGrids capa sand_100-200cm_mean (valor convertido),ISRIC SoilGrids 2.0
sg_sand_100-200cm_Q0.05,SoilGrids (sand),SoilGrids capa sand_100-200cm_Q0.05 (valor convertido),ISRIC SoilGrids 2.0
sg_sand_100-200cm_Q0.5,SoilGrids (sand),SoilGrids capa sand_100-200cm_Q0.5 (valor convertido),ISRIC SoilGrids 2.0
sg_sand_100-200cm_Q0.95,SoilGrids (sand),SoilGrids capa sand_100-200cm_Q0.95 (valor convertido),ISRIC SoilGrids 2.0
sg_sand_100-200cm_uncertainty,SoilGrids (sand),SoilGrids capa sand_100-200cm_uncertainty (valor convertido),ISRIC SoilGrids 2.0
sg_sand_15-30cm_mean,SoilGrids (sand),SoilGrids capa sand_15-30cm_mean (valor convertido),ISRIC SoilGrids 2.0
sg_sand_15-30cm_Q0.05,SoilGrids (sand),SoilGrids capa sand_15-30cm_Q0.05 (valor convertido),ISRIC SoilGrids 2.0
sg_sand_15-30cm_Q0.5,SoilGrids (sand),SoilGrids capa sand_15-30cm_Q0.5 (valor convertido),ISRIC SoilGrids 2.0
sg_sand_15-30cm_Q0.95,SoilGrids (sand),SoilGrids capa sand_15-30cm_Q0.95 (valor convertido),ISRIC SoilGrids 2.0
sg_sand_15-30cm_uncertainty,SoilGrids (sand),SoilGrids capa sand_15-30cm_uncertainty (valor convertido),ISRIC SoilGrids 2.0
sg_sand_30-60cm_mean,SoilGrids (sand),SoilGrids capa sand_30-60cm_mean (valor convertido),ISRIC SoilGrids 2.0
sg_sand_30-60cm_Q0.05,SoilGrids (sand),SoilGrids capa sand_30-60cm_Q0.05 (valor convertido),ISRIC SoilGrids 2.0
sg_sand_30-60cm_Q0.5,SoilGrids (sand),SoilGrids capa sand_30-60cm_Q0.5 (valor convertido),ISRIC SoilGrids 2.0
sg_sand_30-60cm_Q0.95,SoilGrids (sand),SoilGrids capa sand_30-60cm_Q0.95 (valor convertido),ISRIC SoilGrids 2.0
sg_sand_30-60cm_uncertainty,SoilGrids (sand),SoilGrids capa sand_30-60cm_uncertainty (valor convertido),ISRIC SoilGrids 2.0
sg_sand_5-15cm_mean,SoilGrids (sand),SoilGrids capa sand_5-15cm_mean (valor convertido),ISRIC SoilGrids 2.0
sg_sand_5-15cm_Q0.05,SoilGrids (sand),SoilGrids capa sand_5-15cm_Q0.05 (valor convertido),ISRIC SoilGrids 2.0
sg_sand_5-15cm_Q0.5,SoilGrids (sand),SoilGrids capa sand_5-15cm_Q0.5 (valor convertido),ISRIC SoilGrids 2.0
sg_sand_5-15cm_Q0.95,SoilGrids (sand),SoilGrids capa sand_5-15cm_Q0.95 (valor convertido),ISRIC SoilGrids 2.0
sg_sand_5-15cm_uncertainty,SoilGrids (sand),SoilGrids capa sand_5-15cm_uncertainty (valor convertido),ISRIC SoilGrids 2.0
sg_sand_60-100cm_mean,SoilGrids (sand),SoilGrids capa sand_60-100cm_mean (valor convertido),ISRIC SoilGrids 2.0
sg_sand_60-100cm_Q0.05,SoilGrids (sand),SoilGrids capa sand_60-100cm_Q0.05 (valor convertido),ISRIC SoilGrids 2.0
sg_sand_60-100cm_Q0.5,SoilGrids (sand),SoilGrids capa sand_60-100cm_Q0.5 (valor convertido),ISRIC SoilGrids 2.0
sg_sand_60-100cm_Q0.95,SoilGrids (sand),SoilGrids capa sand_60-100cm_Q0.95 (valor convertido),ISRIC SoilGrids 2.0
sg_sand_60-100cm_uncertainty,SoilGrids (sand),SoilGrids capa sand_60-100cm_uncertainty (valor convertido),ISRIC SoilGrids 2.0
sg_silt_0-5cm_mean,SoilGrids (silt),SoilGrids capa silt_0-5cm_mean (valor convertido),ISRIC SoilGrids 2.0
sg_silt_0-5cm_Q0.05,SoilGrids (silt),SoilGrids capa silt_0-5cm_Q0.05 (valor convertido),ISRIC SoilGrids 2.0
sg_silt_0-5cm_Q0.5,SoilGrids (silt),SoilGrids capa silt_0-5cm_Q0.5 (valor convertido),ISRIC SoilGrids 2.0
sg_silt_0-5cm_Q0.95,SoilGrids (silt),SoilGrids capa silt_0-5cm_Q0.95 (valor convertido),ISRIC SoilGrids 2.0
sg_silt_0-5cm_uncertainty,SoilGrids (silt),SoilGrids capa silt_0-5cm_uncertainty (valor convertido),ISRIC SoilGrids 2.0
sg_silt_100-200cm_mean,SoilGrids (silt),SoilGrids capa silt_100-200cm_mean (valor convertido),ISRIC SoilGrids 2.0
sg_silt_100-200cm_Q0.05,SoilGrids (silt),SoilGrids capa silt_100-200cm_Q0.05 (valor convertido),ISRIC SoilGrids 2.0
sg_silt_100-200cm_Q0.5,SoilGrids (silt),SoilGrids capa silt_100-200cm_Q0.5 (valor convertido),ISRIC SoilGrids 2.0
sg_silt_100-200cm_Q0.95,SoilGrids (silt),SoilGrids capa silt_100-200cm_Q0.95 (valor convertido),ISRIC SoilGrids 2.0
sg_silt_100-200cm_uncertainty,SoilGrids (silt),SoilGrids capa silt_100-200cm_uncertainty (valor convertido),ISRIC SoilGrids 2.0
sg_silt_15-30cm_mean,SoilGrids (silt),SoilGrids capa silt_15-30cm_mean (valor convertido),ISRIC SoilGrids 2.0
sg_silt_15-30cm_Q0.05,SoilGrids (silt),SoilGrids capa silt_15-30cm_Q0.05 (valor convertido),ISRIC SoilGrids 2.0
sg_silt_15-30cm_Q0.5,SoilGrids (silt),SoilGrids capa silt_15-30cm_Q0.5 (valor convertido),ISRIC SoilGrids 2.0
sg_silt_15-30cm_Q0.95,SoilGrids (silt),SoilGrids capa silt_15-30cm_Q0.95 (valor convertido),ISRIC SoilGrids 2.0
sg_silt_15-30cm_uncertainty,SoilGrids (silt),SoilGrids capa silt_15-30cm_uncertainty (valor convertido),ISRIC SoilGrids 2.0
sg_silt_30-60cm_mean,SoilGrids (silt),SoilGrids capa silt_30-60cm_mean (valor convertido),ISRIC SoilGrids 2.0
sg_silt_30-60cm_Q0.05,SoilGrids (silt),SoilGrids capa silt_30-60cm_Q0.05 (valor convertido),ISRIC SoilGrids 2.0
sg_silt_30-60cm_Q0.5,SoilGrids (silt),SoilGrids capa silt_30-60cm_Q0.5 (valor convertido),ISRIC SoilGrids 2.0
sg_silt_30-60cm_Q0.95,SoilGrids (silt),SoilGrids capa silt_30-60cm_Q0.95 (valor convertido),ISRIC SoilGrids 2.0
sg_silt_30-60cm_uncertainty,SoilGrids (silt),SoilGrids capa silt_30-60cm_uncertainty (valor convertido),ISRIC SoilGrids 2.0
sg_silt_5-15cm_mean,SoilGrids (silt),SoilGrids capa silt_5-15cm_mean (valor convertido),ISRIC SoilGrids 2.0
sg_silt_5-15cm_Q0.05,SoilGrids (silt),SoilGrids capa silt_5-15cm_Q0.05 (valor convertido),ISRIC SoilGrids 2.0
sg_silt_5-15cm_Q0.5,SoilGrids (silt),SoilGrids capa silt_5-15cm_Q0.5 (valor convertido),ISRIC SoilGrids 2.0
sg_silt_5-15cm_Q0.95,SoilGrids (silt),SoilGrids capa silt_5-15cm_Q0.95 (valor convertido),ISRIC SoilGrids 2.0
sg_silt_5-15cm_uncertainty,SoilGrids (silt),SoilGrids capa silt_5-15cm_uncertainty (valor convertido),ISRIC SoilGrids 2.0
sg_silt_60-100cm_mean,SoilGrids (silt),SoilGrids capa silt_60-100cm_mean (valor convertido),ISRIC SoilGrids 2.0
sg_silt_60-100cm_Q0.05,SoilGrids (silt),SoilGrids capa silt_60-100cm_Q0.05 (valor convertido),ISRIC SoilGrids 2.0
sg_silt_60-100cm_Q0.5,SoilGrids (silt),SoilGrids capa silt_60-100cm_Q0.5 (valor convertido),ISRIC SoilGrids 2.0
sg_silt_60-100cm_Q0.95,SoilGrids (silt),SoilGrids capa silt_60-100cm_Q0.95 (valor convertido),ISRIC SoilGrids 2.0
sg_silt_60-100cm_uncertainty,SoilGrids (silt),SoilGrids capa silt_60-100cm_uncertainty (valor convertido),ISRIC SoilGrids 2.0
sg_soc_0-5cm_mean,SoilGrids (soc),SoilGrids capa soc_0-5cm_mean (valor convertido),ISRIC SoilGrids 2.0
sg_soc_0-5cm_Q0.05,SoilGrids (soc),SoilGrids capa soc_0-5cm_Q0.05 (valor convertido),ISRIC SoilGrids 2.0
sg_soc_0-5cm_Q0.5,SoilGrids (soc),SoilGrids capa soc_0-5cm_Q0.5 (valor convertido),ISRIC SoilGrids 2.0
sg_soc_0-5cm_Q0.95,SoilGrids (soc),SoilGrids capa soc_0-5cm_Q0.95 (valor convertido),ISRIC SoilGrids 2.0
sg_soc_0-5cm_uncertainty,SoilGrids (soc),SoilGrids capa soc_0-5cm_uncertainty (valor convertido),ISRIC SoilGrids 2.0
sg_soc_100-200cm_mean,SoilGrids (soc),SoilGrids capa soc_100-200cm_mean (valor convertido),ISRIC SoilGrids 2.0
sg_soc_100-200cm_Q0.05,SoilGrids (soc),SoilGrids capa soc_100-200cm_Q0.05 (valor convertido),ISRIC SoilGrids 2.0
sg_soc_100-200cm_Q0.5,SoilGrids (soc),SoilGrids capa soc_100-200cm_Q0.5 (valor convertido),ISRIC SoilGrids 2.0
sg_soc_100-200cm_Q0.95,SoilGrids (soc),SoilGrids capa soc_100-200cm_Q0.95 (valor convertido),ISRIC SoilGrids 2.0
sg_soc_100-200cm_uncertainty,SoilGrids (soc),SoilGrids capa soc_100-200cm_uncertainty (valor convertido),ISRIC SoilGrids 2.0
sg_soc_15-30cm_mean,SoilGrids (soc),SoilGrids capa soc_15-30cm_mean (valor convertido),ISRIC SoilGrids 2.0
sg_soc_15-30cm_Q0.05,SoilGrids (soc),SoilGrids capa soc_15-30cm_Q0.05 (valor convertido),ISRIC SoilGrids 2.0
sg_soc_15-30cm_Q0.5,SoilGrids (soc),SoilGrids capa soc_15-30cm_Q0.5 (valor convertido),ISRIC SoilGrids 2.0
sg_soc_15-30cm_Q0.95,SoilGrids (soc),SoilGrids capa soc_15-30cm_Q0.95 (valor convertido),ISRIC SoilGrids 2.0
sg_soc_15-30cm_uncertainty,SoilGrids (soc),SoilGrids capa soc_15-30cm_uncertainty (valor convertido),ISRIC SoilGrids 2.0
sg_soc_30-60cm_mean,SoilGrids (soc),SoilGrids capa soc_30-60cm_mean (valor convertido),ISRIC SoilGrids 2.0
sg_soc_30-60cm_Q0.05,SoilGrids (soc),SoilGrids capa soc_30-60cm_Q0.05 (valor convertido),ISRIC SoilGrids 2.0
sg_soc_30-60cm_Q0.5,SoilGrids (soc),SoilGrids capa soc_30-60cm_Q0.5 (valor convertido),ISRIC SoilGrids 2.0
sg_soc_30-60cm_Q0.95,SoilGrids (soc),SoilGrids capa soc_30-60cm_Q0.95 (valor convertido),ISRIC SoilGrids 2.0
sg_soc_30-60cm_uncertainty,SoilGrids (soc),SoilGrids capa soc_30-60cm_uncertainty (valor convertido),ISRIC SoilGrids 2.0
sg_soc_5-15cm_mean,SoilGrids (soc),SoilGrids capa soc_5-15cm_mean (valor convertido),ISRIC SoilGrids 2.0
sg_soc_5-15cm_Q0.05,SoilGrids (soc),SoilGrids capa soc_5-15cm_Q0.05 (valor convertido),ISRIC SoilGrids 2.0
sg_soc_5-15cm_Q0.5,SoilGrids (soc),SoilGrids capa soc_5-15cm_Q0.5 (valor convertido),ISRIC SoilGrids 2.0
sg_soc_5-15cm_Q0.95,SoilGrids (soc),SoilGrids capa soc_5-15cm_Q0.95 (valor convertido),ISRIC SoilGrids 2.0
sg_soc_5-15cm_uncertainty,SoilGrids (soc),SoilGrids capa soc_5-15cm_uncertainty (valor convertido),ISRIC SoilGrids 2.0
sg_soc_60-100cm_mean,SoilGrids (soc),SoilGrids capa soc_60-100cm_mean (valor convertido),ISRIC SoilGrids 2.0
sg_soc_60-100cm_Q0.05,SoilGrids (soc),SoilGrids capa soc_60-100cm_Q0.05 (valor convertido),ISRIC SoilGrids 2.0
sg_soc_60-100cm_Q0.5,SoilGrids (soc),SoilGrids capa soc_60-100cm_Q0.5 (valor convertido),ISRIC SoilGrids 2.0
sg_soc_60-100cm_Q0.95,SoilGrids (soc),SoilGrids capa soc_60-100cm_Q0.95 (valor convertido),ISRIC SoilGrids 2.0
sg_soc_60-100cm_uncertainty,SoilGrids (soc),SoilGrids capa soc_60-100cm_uncertainty (valor convertido),ISRIC SoilGrids 2.0
sg_Solonchaks,SoilGrids (wrb),SoilGrids capa Solonchaks (valor convertido),ISRIC SoilGrids 2.0
sg_Solonetz,SoilGrids (wrb),SoilGrids capa Solonetz (valor convertido),ISRIC SoilGrids 2.0
sg_Stagnosols,SoilGrids (wrb),SoilGrids capa Stagnosols (valor convertido),ISRIC SoilGrids 2.0
sg_Umbrisols,SoilGrids (wrb),SoilGrids capa Umbrisols (valor convertido),ISRIC SoilGrids 2.0
sg_Vertisols,SoilGrids (wrb),SoilGrids capa Vertisols (valor convertido),ISRIC SoilGrids 2.0
