ID_POLIGONO,conjunto,rendimiento_t_ha,area_ha,ndvi_s2_int,ndvi_s2_media_sep_oct,crc_s2_media,vi6t_landsat_max,lai_planet_max,lluvia_ciclo_mm,pendiente_grados,elevacion_m,lon,lat,sg_cec_0-5cm_mean
AGC_001,ENTRENAMIENTO,3.5,7.61,70.9365,0.6277,0.3024,-0.596,3.142,1360.9191226959229,3.039547547321454,2708.937488097546,-98.561839830489,19.5425185,25.83061785237128
AGC_002,ENTRENAMIENTO,4.63,2.31,91.6625,0.447,0.37570967741935485,-0.58,2.805,961.35080909729,0.5975071106380666,2611.461294672004,-98.2529397936639,19.86103531203965,27.536937222274236
AGC_003,PREDICCION,,18.68,84.009,0.5845,0.34796875,-0.612,3.126,1335.0902252197266,2.2784374573396216,2642.6009501463227,-98.37500688898182,19.980657732491288,23.418261119105505
AGC_004,ENTRENAMIENTO,3,8,67.527,0.49766666666666665,0.36088888888888887,-0.616,2.599,887.9460887908936,1.3451827115764228,2564.1995983111897,-98.53670610762919,19.577954,24.363167910116324
AGC_005,ENTRENAMIENTO,5.16,2.27,94.3275,0.7322,0.4132,-0.611,3.345,793.7303228378296,1.4320193173199773,2623.981209473153,-98.24413470858869,19.858752324304398,27.643523234367358
AGC_006,ENTRENAMIENTO,4.49,3.84,84.25150000000001,0.55725,0.3864444444444444,-0.561,2.993,793.7303228378296,2.4128724188578685,2894.1334699510753,-98.23634622219258,19.8983045508203,26.287548383358693
AGC_007,ENTRENAMIENTO,3.5,2.87,84.411,0.457375,0.2696363636363636,-0.616,3.663,1274.5569305419922,3.607715046809161,2762.1503539093906,-98.41568144754996,19.955904734463097,25.725869441452364
AGC_008,ENTRENAMIENTO,4.55,10.77,76.877,0.49142857142857144,0.36906451612903224,-0.6,2.647,961.35080909729,2.948304181729892,2614.8365568344702,-98.27119050211958,19.86337894688115,26.528857117693057
AGC_009,ENTRENAMIENTO,4.79,0.38,78.603,0.42075,0.30076470588235293,-0.632,2.479,1046.5036239624023,7.428509088102471,2640.8882224119325,-98.27688339283202,19.9275949163709,25.3
AGC_010,ENTRENAMIENTO,4.1,7.27,85.2175,0.5017142857142858,0.3155588235294118,-0.601,2.53,961.35080909729,0.45213028073430866,2602.364856680349,-98.26400057224225,19.85587868048425,27.893155693019224
AGC_011,PREDICCION,,7.17,82.2045,0.493875,0.34596875,-0.6,2.479,793.7303228378296,4.222894201039296,2722.530574593613,-98.20887551489182,19.8642308553457,23.81574824152386
AGC_012,ENTRENAMIENTO,4.69,4.08,89.5995,0.6203333333333333,0.34935483870967743,-0.599,2.901,793.7303228378296,5.512204900990482,2884.796552991907,-98.23808281092633,19.88793625578855,24.993067252820925
AGC_013,ENTRENAMIENTO,4.01,5.6,89.058,0.6981666666666666,0.32426666666666665,-0.576,3.239,793.7303228378296,2.8526420938732526,2901.2919699919216,-98.23683498195967,19.891902550622,26.649233524725133
AGC_014,ENTRENAMIENTO,4.83,7.44,95.9925,0.4825,0.3429333333333333,-0.601,2.904,924.4160351217531,0.677175531233725,2602.6342506765995,-98.26315948734343,19.84964397335425,28.139764321484527
AGC_015,ENTRENAMIENTO,2.64,1.97,78.9215,0.5805,0.376,-0.588,2.701,793.7303228378296,2.917908545049088,2670.9745184692188,-98.23721848446957,19.866081812736397,26.70979696236198
AGC_016,PREDICCION,,7.47,83.8595,0.4231666666666667,0.36035483870967744,-0.595,2.832,961.35080909729,0.5574679189867917,2611.5379527673363,-98.25321270411746,19.86269012421505,27.12557502452694
AGC_017,ENTRENAMIENTO,4.98,1.6,80.04299999999999,0.5261,0.3368285714285714,-0.595,2.607,793.7303228378296,4.736939010551105,2657.3328529241985,-98.24093323774414,19.850599073660653,26.695027140494155
AGC_018,ENTRENAMIENTO,4.49,1.67,88.30850000000001,0.48914285714285716,0.387125,-0.618,2.77,961.35080909729,2.0023127998936245,2619.264515737434,-98.29562795703309,19.8643452049862,27.3272623142473
AGC_019,ENTRENAMIENTO,3,5.65,75.836,0.3322857142857143,0.34347058823529414,-0.592,3.207,1074.4636421203613,2.6479885558682303,2585.190830693939,-98.58578340478807,19.5846025,27.71781652461572
AGC_020,ENTRENAMIENTO,3.5,8.34,79.7215,0.3528181818181818,0.3581621621621622,-0.599,3.464,834.4776458740234,0.5613961138745913,2528.9248280685792,-98.5860167725597,19.6281115,25.323814910976843
AGC_021,ENTRENAMIENTO,4.94,2.86,72.307,0.5994444444444444,0.33790909090909094,-0.587,2.55,793.7303228378296,2.079852304886478,2753.478024970821,-98.21793332477817,19.86242060274705,24.650255448505646
AGC_022,ENTRENAMIENTO,4.55,11.99,74.885,0.40814285714285714,0.3760909090909091,-0.607,2.293,961.35080909729,1.1267926563997988,2620.9683832026417,-98.26707989194,19.8755448381642,25.170907707097623
AGC_023,ENTRENAMIENTO,3,7.72,74.7225,0.4228,0.3634871794871795,-0.618,2.761,770.9277410507202,1.76618094686929,2502.4572989583744,-98.52308284141127,19.6063745,25.89041627068956
AGC_024,ENTRENAMIENTO,3.03,11.53,82.22,0.631,0.3575,-0.606,3.165,961.35080909729,0.7059169428409586,2630.5238309739075,-98.27292186255956,19.8696688683509,26.816395744267755
AGC_025,PREDICCION,,2,75.8775,0.5602222222222222,0.3294102564102564,-0.624,2.674,887.9460887908936,0.8714984541259005,2538.4613167877205,-98.53692965454321,19.5916365,24.03844609342881
AGC_026,ENTRENAMIENTO,3.55,5.49,77.3335,0.535,0.3453125,-0.579,2.53,864.0992128634313,0.7896812378366987,2617.5413230896083,-98.2499031608545,19.85248318732735,27.47618774627781
AGC_027,PREDICCION,,8.46,78.072,0.4078,0.3374864864864865,-0.607,3.235,887.9460887908936,1.413340783772319,2608.156047547583,-98.53778727782293,19.5618155,26.802606607281792
AGC_028,PREDICCION,,1.86,70.8055,0.48683333333333334,0.35269696969696973,-0.59,2.297,961.35080909729,7.699088835670559,2653.7104271495227,-98.26011665311238,19.87670071353235,26.07454542797971
AGC_029,PREDICCION,,5.9,65.2275,0.54125,0.3171428571428571,-0.585,2.859,1360.9191226959229,3.3253658188316555,2692.9996805010837,-98.55661034558455,19.5471045,26.258438902190637
AGC_030,PREDICCION,,13.05,75.478,0.5284285714285715,0.3138666666666667,-0.631,2.416,1274.5569305419922,1.9102567823336318,2766.1422852380083,-98.41060752134274,19.957934017779337,25.578920838688365
AGC_031,PREDICCION,,1.98,83.3265,0.518,0.30178787878787877,-0.6,2.507,961.35080909729,0.45906891012355255,2604.2849225602595,-98.26566138933336,19.861871476217253,27.018081347779763
AGC_032,ENTRENAMIENTO,4.03,1.44,81.619,0.47814285714285715,0.36005714285714285,-0.6,2.941,961.35080909729,5.4540083676600535,2639.504491962996,-98.2563714784977,19.8730961442509,25.995585286798708
AGC_033,ENTRENAMIENTO,4.47,21.04,75.2825,0.5633333333333334,0.3634516129032258,-0.584,2.45,826.9673471215851,5.84849920681481,2758.331292690388,-98.20063572766267,19.85613342203705,25.527927421378756
AGC_034,ENTRENAMIENTO,2,8.09,71.433,0.44942857142857146,0.3041875,-0.629,2.285,1335.0902252197266,1.521904373572137,2690.8481389302206,-98.38491173797172,19.954570539210707,26.848000611855877
AGC_035,ENTRENAMIENTO,4.68,23.8,78.9585,0.578,0.3383529411764706,-0.578,3.109,945.3030643463135,0.287670785756005,2527.7254844037975,-98.36298658048247,19.868619886743048,23.549851143933918
AGC_036,PREDICCION,,5,83.461,0.4262222222222222,0.34493939393939393,-0.584,2.363,961.35080909729,0.6904861587080698,2613.814304949556,-98.25152704512092,19.85666858232295,27.38306719830345
AGC_037,ENTRENAMIENTO,3.5,2.66,74.468,0.4689,0.3224054054054054,-0.616,2.913,887.9460887908936,1.739001309293067,2613.5776599253095,-98.53218774855073,19.558646500000002,26.813543590450745
AGC_038,ENTRENAMIENTO,3.3,3.28,79.0115,0.4673,0.3172857142857143,-0.617,2.731,1335.0902252197266,4.25548437152683,2707.258961994019,-98.38985898314075,19.953207851802453,27.143919754371286
AGC_039,PREDICCION,,7.71,68.512,0.3413,0.3248888888888889,-0.585,2.79,1074.4636421203613,5.42157907664003,2638.902930716172,-98.59602570654758,19.57547,27.78253201772261
AGC_040,ENTRENAMIENTO,3,5.46,76.2165,0.5815833333333333,0.3248809523809524,-0.621,2.915,887.9460887908936,1.0719932145945723,2532.505230013486,-98.53788391816349,19.5952695,23.67298335066024
AGC_041,ENTRENAMIENTO,2.5,25.13,80.2845,0.443,0.3028235294117647,-0.63,2.403,1140.1180751356173,2.789745793313818,2701.378960955659,-98.39420998975662,19.94742890614493,27.192737546338765
AGC_042,PREDICCION,,3.81,79.66,0.4968,0.31419444444444444,-0.633,2.73,1290.7507311175605,3.8911515580161664,2691.465811970691,-98.38846665923944,19.95068246200988,27.09640902852352
AGC_043,PREDICCION,,7.15,84.582,0.7018333333333333,0.3528125,-0.606,2.846,961.2017663135873,0.6312577242612539,2605.3413541146683,-98.26046861775963,19.85165778602315,27.983920513634352
AGC_044,ENTRENAMIENTO,3.5,0.68,71.6465,0.36254545454545456,0.35735897435897435,-0.595,2.747,834.4776458740234,0.34886233714736486,2529.9936251999734,-98.58665513880126,19.629015,24.440887570146188
AGC_045,ENTRENAMIENTO,4.1,1.49,87.653,0.545,0.367375,-0.617,2.802,961.35080909729,1.58399072072652,2617.0172286920592,-98.29407395318154,19.8654588298547,27.39626895861735
AGC_046,ENTRENAMIENTO,3,7.92,71.441,0.4369,0.311,-0.584,3.087,1074.4636421203613,1.8373901554363095,2653.676867689585,-98.55850530793191,19.5544965,25.561162596965005
AGC_047,ENTRENAMIENTO,4.45,64.3,80.8265,0.5382857142857143,0.37023529411764705,-0.607,3.074,805.1693305969238,0.5147665687968904,2527.9600310073815,-98.39402182448822,19.83866765027025,24.127752886756348
AGC_048,ENTRENAMIENTO,2.5,8.29,76.348,0.5599,0.333375,-0.61,3.199,927.5942473269545,4.350358134918051,2563.582950837307,-98.51801267122524,19.5512885,26.41937358276909
AGC_049,ENTRENAMIENTO,5.53,0.87,80.072,0.6074,0.3502258064516129,-0.604,2.672,793.7303228378296,7.417681176582453,2859.4812277714154,-98.23574009091863,19.8859696332928,24.37780063429453
AGC_050,PREDICCION,,2.42,79.3665,0.4025714285714286,0.35825,-0.589,3.197,1074.4636421203613,2.9811235177839532,2601.5827070917894,-98.59012583793177,19.5805365,27.864443278722927
AGC_051,ENTRENAMIENTO,4.45,11.12,88.26350000000001,0.46122222222222226,0.37809375,-0.613,2.827,740.4930205870243,4.510134434538898,2748.939795790499,-98.34781165341158,19.75103920723405,25.19998797675238
AGC_052,PREDICCION,,6.23,84.9985,0.4494444444444444,0.3545151515151515,-0.614,2.903,1046.5036239624023,6.0774152100815115,2626.7706233081612,-98.27885835627792,19.9288303055997,25.380188854579018
AGC_053,ENTRENAMIENTO,3.5,8.54,63.626,0.525,0.3579722222222222,-0.609,2.373,887.9460887908936,1.5819479419505451,2589.119435285249,-98.52233587908653,19.560706,26.00852602535728
AGC_054,ENTRENAMIENTO,2.5,2.01,69.8365,0.42044444444444445,0.32558333333333334,-0.599,2.591,1059.8037815093994,2.162278932252798,2644.794082408528,-98.53681598214285,19.548026,26.30040328721852
AGC_055,ENTRENAMIENTO,5.45,1.37,82.05,0.5238571428571429,0.36553125000000003,-0.603,2.416,793.7303228378296,3.7141527734990123,2729.316296599203,-98.21763948377645,19.87491114318495,25.7
AGC_056,ENTRENAMIENTO,5.07,3.65,72.1625,0.5006666666666667,0.3540967741935484,-0.582,2.598,793.7303228378296,2.8707233609843303,2745.1607671027864,-98.20679828475232,19.87149187744565,24.667020259196647
AGC_057,ENTRENAMIENTO,4.55,0.63,72.7235,0.5297142857142857,0.33640625,-0.586,2.529,793.7303228378296,8.243090782027208,2729.5863766393045,-98.24930571774283,19.87993935436935,27.337737315461908
AGC_058,ENTRENAMIENTO,2.5,7.7,70.26350000000001,0.5301111111111111,0.3427941176470588,-0.611,3.101,887.9460887908936,1.904522828809339,2620.482752403701,-98.53598993886433,19.5576385,26.98495052949942
AGC_059,ENTRENAMIENTO,4.41,19.53,92.6965,0.503125,0.33888235294117647,-0.583,2.737,853.5066448849767,3.2104276061865225,2644.4842025331563,-98.2657075110348,19.7998766123997,25.529094939804104
AGC_060,ENTRENAMIENTO,4.52,2.34,74.58,0.48828571428571427,0.3160909090909091,-0.612,2.322,961.35080909729,9.39639520768144,2720.073966269763,-98.25558063901887,19.8793137576988,27.754143847820593
AGC_061,PREDICCION,,7.23,75.844,0.5268888888888889,0.33119354838709675,-0.588,2.521,1459.1384239196777,4.809010054341711,2785.1347265264303,-98.61175188380413,19.5355835,26.90298788566385
AGC_062,ENTRENAMIENTO,3.81,2,65.6745,0.4068888888888889,0.25494594594594594,-0.576,1.91,961.35080909729,0.3193923208237962,2600.2860239866677,-98.27265656748207,19.85696291589585,27.446040849575063
AGC_063,PREDICCION,,12.54,77.67099999999999,0.6022857142857143,0.34202941176470586,-0.609,2.58,961.35080909729,1.134429777251584,2607.0543078704945,-98.27783747997452,19.85905059537145,27.31328640691337
AGC_064,ENTRENAMIENTO,4.51,2.45,81.191,0.456,0.37020588235294116,-0.62,2.513,1046.5036239624023,6.216478667566432,2654.6368576591003,-98.27569348271477,19.929074498764,24.855376660262973
AGC_065,PREDICCION,,60.88,97.501,0.47255555555555556,0.34715625,-0.605,3.184,757.6721591949463,1.8867341865510177,2735.805523271492,-98.3415305710692,19.76797952180105,26.930139337056993
AGC_066,ENTRENAMIENTO,3,7.15,64.947,0.4402,0.35644444444444445,-0.601,2.394,864.6091782027183,1.4655263481600798,2513.6046844545217,-98.52219433122657,19.5988765,25.386444241134164
AGC_067,ENTRENAMIENTO,3,1.53,82.8015,0.49775,0.37289655172413794,-0.625,2.906,1231.6271858215332,2.93776764481903,2745.774080274438,-98.40854334824665,19.9479902,26.7
AGC_068,ENTRENAMIENTO,2.5,3.1,76.3405,0.5916,0.3377222222222222,-0.606,2.908,887.9460887908936,1.6135596320627543,2521.890131880283,-98.52335256318267,19.5922655,23.983613282920086
AGC_069,ENTRENAMIENTO,5.46,0.38,83.6945,0.608625,0.3941764705882353,-0.595,2.876,793.7303228378296,4.362900285616133,2626.4626860672956,-98.24800880934333,19.869458935948103,27.7
AGC_070,ENTRENAMIENTO,3.3,20.83,77.5435,0.6137777777777778,0.2885714285714286,-0.633,2.861,1335.0902252197266,4.022468652918097,2739.829248482904,-98.39529246647407,19.95412356846328,26.140101430831812
AGC_071,PREDICCION,,5.21,73.1015,0.5109,0.33783783783783783,-0.618,2.83,887.9460887908936,1.8986238788535352,2610.398599756892,-98.53325355156903,19.560219500000002,27.103855202439775
AGC_072,ENTRENAMIENTO,4.55,4.38,86.2405,0.6626666666666666,0.31561290322580643,-0.575,3.273,793.7303228378296,3.452602834014136,2891.5565902287203,-98.23593316243,19.88978564048485,26.05527799225054
AGC_073,ENTRENAMIENTO,4.3,2.05,66.7595,0.4145,0.2454705882352941,-0.58,1.88,961.35080909729,0.38423178385510637,2600.526033022269,-98.27153698592642,19.85832055599355,27.87806384561685
AGC_074,ENTRENAMIENTO,2.5,8.54,80.17999999999999,0.526625,0.344125,-0.586,3.377,1459.1384239196777,5.317043614611158,2812.36036331617,-98.60981390244402,19.5257865,26.16215003048032
AGC_075,PREDICCION,,3.9,71.9805,0.3831818181818182,0.30967567567567567,-0.6,2.476,887.9460887908936,1.6314023807487334,2611.351962607333,-98.54574339461385,19.5641095,26.041791835432257
AGC_076,PREDICCION,,1.01,82.262,0.5904285714285714,0.34115625,-0.612,2.725,961.35080909729,5.495703215032581,2633.5671793921297,-98.26626677147871,19.880781081278847,25.3
AGC_077,ENTRENAMIENTO,4.76,6.08,72.236,0.5775,0.3640689655172414,-0.577,2.728,961.35080909729,1.9208572979626601,2848.906431250035,-98.25223342429823,19.8899325807205,26.046703298111986
AGC_078,ENTRENAMIENTO,3,2.3,73.10600000000001,0.5041428571428571,0.263,-0.63,3.01,1274.5569305419922,1.7425653687949147,2752.1050533380517,-98.41155701745781,19.954088457668224,25.602993732014482
AGC_079,ENTRENAMIENTO,3.3,18.87,74.391,0.49325,0.2942666666666667,-0.626,2.967,1335.0902252197266,3.643082002395246,2701.564834341783,-98.38579062727311,19.958913093986844,25.65734110511977
AGC_080,ENTRENAMIENTO,3.5,18.99,83.94500000000001,0.5382,0.2809655172413793,-0.634,3.385,1274.5569305419922,0.6094973209852778,2762.992481035708,-98.43003932163242,19.976565847805663,25.077756191915395
AGC_081,ENTRENAMIENTO,3.7,3.28,75.565,0.4731666666666667,0.3022941176470588,-0.633,3.25,1335.0902252197266,1.6096896591731995,2636.015552260299,-98.3713974170117,19.980577439621534,23.736197844426485
AGC_082,PREDICCION,,2.77,80.1855,0.43122222222222223,0.2991081081081081,-0.607,2.301,900.2249836132853,3.2202460092733207,2637.443421845756,-98.26922277051113,19.80197957204605,26.217986456650824
AGC_083,ENTRENAMIENTO,4.61,2.87,74.168,0.461125,0.35786111111111113,-0.594,2.604,961.35080909729,2.3682269399391114,2564.037732237001,-98.29264344746286,19.888297781942548,25.04748221639704
AGC_084,ENTRENAMIENTO,4.54,12.42,87.32050000000001,0.6244285714285714,0.38075757575757574,-0.613,2.683,843.0456554317782,3.6277561509587053,2685.470761598646,-98.28725961356767,19.7987402777778,23.588090958791238
AGC_085,PREDICCION,,5.5,70.891,0.42375,0.3532121212121212,-0.574,2.324,961.35080909729,0.8363667263553518,2615.101276454727,-98.25193742344271,19.85293355529005,27.877163190526346
AGC_086,PREDICCION,,4.73,68.1795,0.5759,0.3442972972972973,-0.612,2.745,887.9460887908936,1.1060645939304452,2547.4484170363908,-98.53154717970102,19.584897,23.19841476452063
AGC_087,PREDICCION,,5.66,69.8125,0.36922222222222223,0.33452941176470585,-0.603,2.605,1059.8037815093994,2.1264388581320137,2650.339790747846,-98.53901021410817,19.548682,26.391425930754803
AGC_088,PREDICCION,,5.91,86.9305,0.611,0.34806896551724137,-0.564,2.977,793.7303228378296,2.06417192802281,2906.0395204557385,-98.23804341353079,19.8940025382769,26.32747752863267
AGC_089,ENTRENAMIENTO,3,1.72,76.8625,0.382,0.2970333333333333,-0.623,2.905,1274.5569305419922,1.0802922511581075,2744.1366300894465,-98.40983840275989,19.95162775,26.499179419300127
AGC_090,ENTRENAMIENTO,4.68,10.98,82.5865,0.541,0.37971875,-0.608,2.662,961.35080909729,2.554585011366528,2626.974810417427,-98.28727780033387,19.8544617353136,26.836398859406778
AGC_091,PREDICCION,,0.35,86.1515,0.6278,0.33141176470588235,-0.596,2.938,793.7303228378296,2.345381021499634,2636,-98.23908796020163,19.85973255730965,26.483621759691555
AGC_092,ENTRENAMIENTO,4.57,0.5,68.386,0.57825,0.3136451612903226,-0.579,2.811,793.7303228378296,4.781271073696014,2636.251103191575,-98.24163072097635,19.861829112768703,26.935849785373637
AGC_093,PREDICCION,,3.71,71.1195,0.3879090909090909,0.32126315789473686,-0.61,2.527,887.9460887908936,1.8265758034769464,2617.66952514046,-98.54625854584154,19.562253,26.070406806912843
AGC_094,PREDICCION,,3.63,69.4535,0.5673333333333334,0.342125,-0.596,2.541,793.7303228378296,0.8204820438956029,2750.433599699508,-98.20507088371525,19.87117118699765,24.097879969478605
AGC_095,PREDICCION,,1.33,71.645,0.43833333333333335,0.3643939393939394,-0.592,2.519,961.35080909729,4.145281860050776,2640.481345267384,-98.26139485595223,19.876119175314003,26.008951424639736
AGC_096,ENTRENAMIENTO,4.59,12.87,64.87,0.40071428571428575,0.3566875,-0.589,2.308,961.35080909729,1.0005293367428671,2618.4492974581794,-98.27011012056171,19.8767227005009,25.80984623138196
AGC_097,ENTRENAMIENTO,4.69,2.35,70.584,0.593,0.32941176470588235,-0.586,2.439,793.7303228378296,1.7325076929793748,2753.7017321351964,-98.21733756991364,19.862200139090497,24.65504701841494
AGC_098,ENTRENAMIENTO,3,4.9,76.175,0.5894444444444444,0.32836363636363636,-0.614,2.88,1360.9191226959229,3.469707546655249,2698.7022429501476,-98.57858401956832,19.5461325,26.1217714848115
AGC_099,ENTRENAMIENTO,3.5,1.17,70.3265,0.5838,0.3768918918918919,-0.603,2.63,887.9460887908936,1.6746764296977574,2576.9233069536745,-98.52895729596094,19.569837,24.39993345739491
AGC_100,ENTRENAMIENTO,4.5,11.24,80.325,0.586,0.3790909090909091,-0.615,2.779,961.35080909729,1.0859704808591966,2647.2428556239392,-98.2910802058887,19.858931949880102,26.848129662881945
AGC_101,ENTRENAMIENTO,4.57,12.35,68.0985,0.44,0.363,-0.579,2.38,961.35080909729,2.02666283495588,2622.940453414154,-98.27641531362968,19.87405451762975,26.71178924938775
AGC_102,ENTRENAMIENTO,4.4,12.75,70.8075,0.473,0.364875,-0.584,2.525,961.35080909729,1.5492698860354939,2625.059643760274,-98.28002342560652,19.8727583693498,27.058463690441023
AGC_103,ENTRENAMIENTO,3,2.48,77.5685,0.3895,0.3294705882352941,-0.59,3.222,1074.4636421203613,2.5313971834992075,2580.8374737215436,-98.58380464032945,19.583772500000002,27.73553344792303
AGC_104,ENTRENAMIENTO,4.56,3.02,78.334,0.46914285714285714,0.35078787878787876,-0.575,2.546,961.35080909729,0.790522170930856,2613.795267014496,-98.25086818583881,19.858950366875803,27.625506796805446
AGC_105,ENTRENAMIENTO,4.41,2.99,85.7975,0.5513333333333333,0.38470967741935486,-0.599,2.654,961.35080909729,0.6965322248469946,2609.1650311039116,-98.2573052917387,19.850904287955203,27.900171974824207
AGC_106,ENTRENAMIENTO,4.43,6.09,78.3605,0.4101666666666667,0.31887096774193546,-0.593,2.402,961.35080909729,0.5663277229623543,2606.208917118333,-98.25926587635475,19.857537494758553,27.16765144392577
AGC_107,PREDICCION,,2.63,93.2705,0.524,0.37027777777777776,-0.619,2.473,910.2673473358154,0.7812542787763705,2630.134899705386,-98.26571015409692,19.80487388515185,26.5
AGC_108,ENTRENAMIENTO,4.51,3.79,65.304,0.497125,0.3628709677419355,-0.601,2.188,793.7303228378296,6.665995422430866,2869.560683064893,-98.21717340945531,19.89002932620795,25.539701596741715
AGC_109,ENTRENAMIENTO,4.54,3.14,71.657,0.492875,0.3529375,-0.576,2.098,793.7303228378296,2.382770227985215,2751.8818506291673,-98.22052921368038,19.86304940103465,24.600027061758002
AGC_110,ENTRENAMIENTO,4.18,6.19,75.38850000000001,0.49933333333333335,0.3666875,-0.6,2.521,961.35080909729,0.5771335347977363,2607.399334381997,-98.25900291957063,19.8551420440146,27.400386992855356
AGC_111,ENTRENAMIENTO,4.72,1.71,80.88600000000001,0.6084285714285714,0.3257931034482759,-0.579,2.7,793.7303228378296,6.92229087214541,2880.6740733874854,-98.24625855688478,19.89500651229685,25.996089986121955
AGC_112,ENTRENAMIENTO,3,7.96,76.9385,0.5402,0.36226315789473684,-0.607,3.14,887.9460887908936,1.1220354179324934,2537.691549645394,-98.52720627313091,19.5867455,23.581777145755265
AGC_113,PREDICCION,,10.58,67.8715,0.429375,0.2706875,-0.627,2.782,1335.0902252197266,3.348745934458474,2711.822107883356,-98.38918002247226,19.95527971347493,26.97321229303185
AGC_114,ENTRENAMIENTO,3,6.95,71.355,0.48375,0.32865714285714287,-0.586,2.851,1074.4636421203613,2.557309390559846,2677.666832290541,-98.57689774341154,19.5530055,25.16515015024959
AGC_115,ENTRENAMIENTO,4.6,1.93,73.689,0.4355,0.2863235294117647,-0.585,2.082,961.35080909729,0.3606146732344978,2600.4181168486907,-98.27105369034507,19.85736629531415,27.75248151443937
AGC_116,PREDICCION,,7.43,84.3185,0.5448333333333333,0.34265625,-0.605,2.866,910.2673473358154,0.7907546746432403,2604.934458964534,-98.26205582656036,19.84814238179105,28.321407992856393
AGC_117,ENTRENAMIENTO,3.5,5.68,70.265,0.5399090909090909,0.3594864864864865,-0.613,2.467,887.9460887908936,2.0062491651698577,2583.3421484896935,-98.52119247526733,19.559355500000002,26.140685917073647
AGC_118,PREDICCION,,4.42,68.9865,0.419,0.30928125,-0.594,2.745,1231.6271858215332,7.544256858229008,2778.8809440168307,-98.42311235531159,19.947665370892118,27.91865930325384
AGC_119,ENTRENAMIENTO,4.4,0.64,88.3135,0.4935,0.31545454545454543,-0.621,2.782,1046.5036239624023,7.488604393742661,2641.574050467212,-98.2768306213994,19.926741936899703,26.389258621186134
AGC_120,PREDICCION,,7.47,92.50150000000001,0.49325,0.3004411764705882,-0.625,3.649,1059.8037815093994,5.202737790983063,2614.8199362670434,-98.53661005034895,19.5368695,27.0209100852965
AGC_121,ENTRENAMIENTO,3.3,5.92,74.7835,0.5545714285714286,0.2802903225806452,-0.631,3.108,1267.1335241616857,2.7163680445935547,2753.736992934555,-98.41381356647899,19.95078202144517,25.837421678363363
AGC_122,ENTRENAMIENTO,3.5,7.45,80.01950000000001,0.4562,0.3355294117647059,-0.588,2.847,1446.7760485695121,5.291218228326045,2715.200862628418,-98.60042718961773,19.540751,26.41425007389093
AGC_123,ENTRENAMIENTO,2.5,8.01,72.857,0.438,0.3369393939393939,-0.581,2.486,1120.501502063352,2.0396638187264267,2692.6459247638663,-98.59872256990835,19.5510315,25.573328924636947
AGC_124,ENTRENAMIENTO,5.05,1.96,78.191,0.6275000000000001,0.3458529411764706,-0.601,2.689,793.7303228378296,6.12276780123839,2717.777083092393,-98.22612603338224,19.85561200244885,26.789269640572392
AGC_125,ENTRENAMIENTO,4.06,10.14,89.407,0.4165,0.31703125,-0.603,2.837,915.2991269029078,0.6015441066098537,2608.469388256298,-98.25941172070276,19.84777469021855,27.582292861504943
AGC_126,PREDICCION,,5.75,77.5125,0.6064285714285714,0.3167142857142857,-0.571,2.869,793.7303228378296,2.082396389857421,2891.714402946398,-98.2436269315179,19.8959632790789,26.13293789027868
AGC_127,ENTRENAMIENTO,5.57,0.91,87.96600000000001,0.543,0.3120909090909091,-0.622,2.531,961.35080909729,6.935407542381138,2726.6831047761584,-98.25621932247789,19.8802619434088,26.999149669929004
AGC_128,PREDICCION,,6.15,86.925,0.4663,0.3482368421052632,-0.597,2.431,910.2673473358154,2.0973321309923305,2630.5303812794295,-98.26971436798244,19.80532830248675,26.61819613950023
AGC_129,PREDICCION,,8.16,85.5325,0.5118333333333334,0.28903225806451616,-0.637,3.279,1335.0902252197266,1.5995820124352822,2650.577514066641,-98.37365923892918,19.976568595596817,23.79303247366505
AGC_130,PREDICCION,,12.1,76.114,0.400125,0.35158823529411765,-0.609,2.493,1046.5036239624023,5.066988941425358,2649.9868425449454,-98.2730359328691,19.93308992907175,24.87858037085432
AGC_131,ENTRENAMIENTO,4.89,1.46,81.418,0.5291666666666667,0.4130909090909091,-0.598,2.992,961.35080909729,2.6074970206085366,2622.7091136935983,-98.26366134405532,19.87433176456775,23.646897407850638
AGC_132,ENTRENAMIENTO,4.13,6.1,84.2255,0.6251666666666666,0.3023,-0.582,3.019,793.7303228378296,3.3243019682883017,2881.4496697832637,-98.23317104605937,19.89360950359615,26.135083739427493
AGC_133,ENTRENAMIENTO,3.91,6.08,94.774,0.6513333333333333,0.3398333333333333,-0.604,2.909,850.8841345989041,2.8447008539630385,2839.8091792669707,-98.24955131580461,19.89119779626365,25.198221492203945
AGC_134,ENTRENAMIENTO,4.52,2.25,95.2835,0.45425,0.34674193548387094,-0.625,2.877,702.7885869656996,7.315089204686029,2762.703708253728,-98.35468373626603,19.7509856967682,25.555379802633162
AGC_135,ENTRENAMIENTO,4.49,1.62,75.9785,0.602,0.3102,-0.589,2.709,793.7303228378296,6.2231002278675245,2873.0921102693933,-98.24621204819383,19.8942550092715,26
AGC_136,PREDICCION,,1.69,85.1325,0.5448571428571428,0.3582727272727273,-0.583,2.596,961.35080909729,0.31861529985013254,2610,-98.25408184778456,19.85979217421435,27.1
AGC_137,ENTRENAMIENTO,4.54,24.81,96.5655,0.5581111111111111,0.3494857142857143,-0.615,2.836,821.3128318786621,3.935037864116879,2719.2386408198104,-98.28350746892262,19.76337692624815,25.790020467355447
AGC_138,ENTRENAMIENTO,2.5,7.86,75.6675,0.5115,0.3887272727272727,-0.601,2.901,887.9460887908936,1.5066787716077108,2581.0044710193133,-98.52562817738927,19.565865,25.484924964552242
AGC_139,ENTRENAMIENTO,4.67,1.92,74.949,0.46244444444444444,0.2969142857142857,-0.592,2.291,961.35080909729,0.3383188179362033,2600.306084244243,-98.27161867347046,19.85698375287215,27.50765784480626
AGC_140,ENTRENAMIENTO,3.2,4.13,87.4765,0.538875,0.28259375,-0.626,3.191,1274.5569305419922,1.1494257230317564,2747.468942121784,-98.42683772124809,19.965472587569835,27.340070829682407
AGC_141,ENTRENAMIENTO,3.5,3.94,65.5215,0.5923,0.3418333333333333,-0.596,2.899,1006.2369456330728,1.7617209893716368,2621.285957079911,-98.5503284873868,19.5634085,26.07279547441696
AGC_142,PREDICCION,,1.29,65.025,0.41685714285714287,0.36303125,-0.591,2.002,793.7303228378296,7.9875283295307495,2726.5239429950766,-98.24875170737772,19.8800014428922,27.32512009612674
AGC_143,PREDICCION,,11.48,81.2985,0.5268571428571429,0.3871176470588235,-0.603,2.547,961.293471495751,2.3144251627399677,2616.710380756727,-98.28554181322494,19.8520838171838,27.6058628121698
AGC_144,ENTRENAMIENTO,2.5,7.48,74.607,0.3962,0.33508333333333334,-0.579,2.855,1074.4636421203613,3.2643428291117074,2644.039055752539,-98.59691100073121,19.579768,27.583081743008485
AGC_145,ENTRENAMIENTO,3.5,8.33,78.62950000000001,0.41714285714285715,0.37234375000000003,-0.591,2.692,1170.6749569572796,2.1186203977471507,2675.0500232153186,-98.5950232074894,19.550762,25.149001770950086
AGC_146,ENTRENAMIENTO,4.58,1.33,89.77,0.5214444444444445,0.3695428571428571,-0.569,2.479,910.2673473358154,0.3949244516548278,2627.0939010402753,-98.26793195830462,19.806917406755502,27.155733828283502
AGC_147,PREDICCION,,6.8,81.137,0.4324,0.3491470588235294,-0.589,2.891,1162.8000831604004,4.284793357532655,2669.907033442821,-98.60318262359226,19.5710615,26.64769545757236
AGC_148,ENTRENAMIENTO,3,2.46,73.372,0.5275555555555556,0.29970967741935484,-0.629,3.073,1274.5569305419922,1.1137972566294594,2746.730257684445,-98.40912510514386,19.9529571,27.13759316732374
AGC_149,PREDICCION,,8.99,82.3445,0.468875,0.37306060606060604,-0.613,2.748,1046.5036239624023,5.869619676332947,2645.6551055026594,-98.27604300921217,19.93237082269965,24.58917067735097
AGC_150,ENTRENAMIENTO,4.52,1.99,80.1585,0.435875,0.37733333333333335,-0.585,2.582,816.2345630905141,0.7893007541302286,2615.6376570733587,-98.24973203532926,19.8580824391127,27.82005540370816
AGC_151,ENTRENAMIENTO,4.69,9.32,99.381,0.517,0.37933333333333336,-0.622,2.905,821.3128318786621,6.636521764891236,2730.9283477081353,-98.28278580932985,19.7729363989732,26.426894176583545
AGC_152,ENTRENAMIENTO,4.87,2.63,95.483,0.538625,0.31738235294117645,-0.622,2.641,821.3128318786621,4.990877864124789,2763.6669678322633,-98.27802333442128,19.7766412900325,26.426420695506106
AGC_153,PREDICCION,,1.99,72.303,0.5127142857142857,0.29335483870967743,-0.6,2.018,961.35080909729,0.28186452025110087,2606.0121770184933,-98.26093768616242,19.86304452976355,26.4188612188498
AGC_154,PREDICCION,,1.49,91.1195,0.5105714285714286,0.3796764705882353,-0.594,3.267,961.35080909729,3.8409833570690832,2637.6869964433163,-98.26303278970046,19.8769882053309,26.031783248108088
AGC_155,ENTRENAMIENTO,4.52,2.24,81.2225,0.6027777777777777,0.37096969696969695,-0.59,3.027,793.7303228378296,5.318302119682892,2753.3033921047154,-98.22375582666704,19.88445621537275,25.564367170380383
AGC_156,PREDICCION,,8.2,81.9855,0.6351428571428571,0.2962758620689655,-0.614,3.265,1274.5569305419922,1.4056250109160098,2752.379143981959,-98.43333085006982,19.970279497081506,27.187531928363057
AGC_157,ENTRENAMIENTO,3,1.18,70.5575,0.6055,0.36144117647058827,-0.613,2.943,905.01057452569,1.88320462168324,2617.3189504022166,-98.5491850199197,19.5633895,25.99644373272532
AGC_158,PREDICCION,,11.22,70.182,0.49942857142857144,0.3552121212121212,-0.584,2.469,961.35080909729,0.8936808315861815,2631.5572609613378,-98.27807683398025,19.87030466559295,27.296888975018135
AGC_159,ENTRENAMIENTO,4.77,2.14,79.976,0.6271111111111112,0.3309705882352941,-0.595,2.973,793.7303228378296,1.5873293498850674,2627.276908425442,-98.24330229739913,19.86061032904505,27.206618815100825
AGC_160,ENTRENAMIENTO,3.62,7.61,78.525,0.6361111111111111,0.30211764705882355,-0.595,2.749,793.7303228378296,2.765805025408512,2743.3864412853545,-98.22226606036905,19.851930933252397,24.009544769846556
AGC_161,ENTRENAMIENTO,4.46,3.36,86.581,0.6739999999999999,0.347875,-0.604,2.96,793.7303228378296,5.733787916743088,2741.0767922362065,-98.22040576896441,19.86559376345795,24.907865448360745
AGC_162,ENTRENAMIENTO,5.59,4.93,60.8425,0.46316666666666667,0.32615151515151514,-0.587,2.132,793.7303228378296,4.661558965382193,2834.2489454684055,-98.23231077009953,19.88360375626965,26.01839794085405
AGC_163,ENTRENAMIENTO,3,2.57,70.246,0.569,0.3568529411764706,-0.613,2.741,926.6120009580081,2.0039212939451727,2612.767760811306,-98.54946692114109,19.564866000000002,26.033540091211528
AGC_164,ENTRENAMIENTO,3,11.84,69.087,0.4440909090909091,0.362725,-0.608,2.76,770.9277410507202,0.9039252244638498,2496.648467628232,-98.52208238560172,19.610789500000003,26.27446714824717
AGC_165,ENTRENAMIENTO,4.44,6.21,82.6085,0.5706666666666667,0.36324137931034484,-0.573,2.734,793.7303228378296,2.3646235013476002,2903.9903805175136,-98.23712617450488,19.893064982766,26.484235954940715
AGC_166,ENTRENAMIENTO,2.5,6.76,77.565,0.3806,0.293625,-0.635,2.5,1135.12548828125,3.438691457597833,2690.6081222937837,-98.39685712987836,19.945586960560696,26.37542078907999
AGC_167,ENTRENAMIENTO,4.54,2.46,85.5865,0.6151111111111112,0.3395483870967742,-0.595,2.775,793.7303228378296,3.7445552084708873,2635.6632320515446,-98.24018290293904,19.8602349504269,26.43528504487164
AGC_168,ENTRENAMIENTO,4.49,1.53,83.516,0.6092857142857143,0.36020588235294115,-0.605,2.687,961.35080909729,3.6644079921833934,2632.591064363742,-98.265524443088,19.8782160611104,26.43468969131495
AGC_169,ENTRENAMIENTO,2.5,2.51,72.611,0.5766,0.3375897435897436,-0.61,2.987,887.9460887908936,1.1686295597976908,2529.253005230617,-98.52886718322802,19.590847500000002,23.84861018523822
AGC_170,ENTRENAMIENTO,3,8.13,57.448,0.4271,0.3547179487179487,-0.614,2.503,770.9277410507202,1.3910803257933293,2501.227723351566,-98.5254423252437,19.609184,26.061081014127602
AGC_171,ENTRENAMIENTO,2.15,11.63,74.091,0.4745714285714286,0.3881935483870968,-0.599,2.407,961.35080909729,1.4037374152593356,2629.1506348028556,-98.27107887802143,19.867628672419798,26.502310781670616
AGC_172,ENTRENAMIENTO,5.19,2.33,76.415,0.5615714285714286,0.32593548387096777,-0.589,2.907,809.0491116905155,3.6742496473213007,2885.336641718094,-98.23265400479518,19.8998081441317,27.868194779894726
AGC_173,PREDICCION,,3.6,91.715,0.619375,0.3389142857142857,-0.616,3.278,1074.4636421203613,0.9747033168351694,2566.991552372175,-98.56162154307037,19.5956365,24.648785771999123
AGC_174,PREDICCION,,6.89,74.944,0.390375,0.36348648648648646,-0.599,2.293,947.4036476046206,2.2845566432592657,2546.6165459471895,-98.30434917055572,19.8985149953118,26.206691521071463
AGC_175,PREDICCION,,1.41,78.9675,0.65025,0.3630909090909091,-0.587,2.844,793.7303228378296,2.9659706970065707,2645.943826930577,-98.24160110215233,19.8529786464535,26.135252847877258
AGC_176,ENTRENAMIENTO,4.38,7.15,76.236,0.5304444444444445,0.3099142857142857,-0.592,2.788,890.6072187652442,4.558720826578079,2694.267809614922,-98.23473694205147,19.848950393154553,27.091300025815507
AGC_177,PREDICCION,,5.66,81.341,0.480625,0.36672727272727274,-0.577,2.627,961.35080909729,0.8061370526355467,2613.0100206263473,-98.25332331089817,19.8527901998897,27.656997643100443
AGC_178,ENTRENAMIENTO,4.39,9.82,66.065,0.4455,0.36115151515151517,-0.596,2.299,961.35080909729,1.202999364574783,2642.14707069118,-98.29392215623811,19.857828785806248,27.5743016908555
AGC_179,ENTRENAMIENTO,4.55,6.35,76.488,0.6377777777777778,0.3153235294117647,-0.593,2.668,793.7303228378296,4.563680939710005,2734.8758814353405,-98.225966243369,19.85823605044865,25.793882812991182
AGC_180,ENTRENAMIENTO,4.14,10.9,94.2295,0.4672857142857143,0.3754193548387097,-0.603,2.841,705.9544015001741,5.731233935243036,2773.8363999063754,-98.35075867626634,19.749306252397652,25.138891942902326
AGC_181,ENTRENAMIENTO,4.51,1.49,79.5505,0.552,0.36403030303030304,-0.599,2.972,961.35080909729,7.264658044795708,2640.5948784024586,-98.25966843027368,19.87500998241175,24.93092664735142
AGC_182,PREDICCION,,4.13,77.6645,0.51525,0.35090625,-0.589,2.427,892.2797203063965,4.1081041696907,2644.6732915535745,-98.24572330025842,19.84833392477325,27.249402540043395
AGC_183,PREDICCION,,7.85,71.218,0.436125,0.32991176470588235,-0.613,2.64,972.779967028224,1.3564142969006943,2578.6355395841665,-98.54984141244768,19.574612000000002,24.250778733646982
AGC_184,ENTRENAMIENTO,4.47,9.96,87.664,0.5359,0.36083783783783785,-0.601,2.332,910.2673473358154,0.6308625708160445,2628.687050806674,-98.2655122874576,19.8064164730358,27.111533998876418
AGC_185,ENTRENAMIENTO,5.01,11.88,79.473,0.4897142857142857,0.3522058823529412,-0.599,2.146,961.35080909729,3.2278379808592454,2632.824259643215,-98.28147549229543,19.863583280380702,26.175686058134573
AGC_186,PREDICCION,,11.7,83.0595,0.5720000000000001,0.3256,-0.619,2.466,961.35080909729,0.9517692288055173,2601.864972589026,-98.27727843371821,19.8554142954499,27.49160186782899
AGC_187,ENTRENAMIENTO,3,8.04,71.13,0.3443333333333333,0.36027777777777775,-0.614,2.86,834.4776458740234,0.84366597958572,2555.0504899818925,-98.57320567480674,19.606029,25.499948824533618
AGC_188,PREDICCION,,2.34,73.3805,0.538,0.3433428571428571,-0.593,2.408,793.7303228378296,3.3897608856040806,2656.2506861052366,-98.23924430282699,19.85296727290605,26.363824480750775
AGC_189,ENTRENAMIENTO,4.03,4.6,78.40350000000001,0.490375,0.3363,-0.589,2.417,910.2673473358154,1.7927062845072315,2620.6688143535343,-98.25478441731488,19.84046270434615,26.30332917040373
AGC_190,PREDICCION,,5.01,77.4965,0.5176666666666666,0.369551724137931,-0.566,2.777,793.7303228378296,2.1549635409738275,2889.549617832214,-98.23452233603828,19.8963112358402,26.64432752638907
AGC_191,PREDICCION,,1.75,82.6525,0.553625,0.34191176470588236,-0.608,2.568,960.9958435003756,7.826060266387466,2714.0241447828075,-98.25070771395173,19.8787286661792,27.656231396811712
AGC_192,PREDICCION,,2.14,83.517,0.5728888888888889,0.3366,-0.595,2.87,793.7303228378296,2.6317298446271584,2706.2238543710037,-98.2275091844175,19.86608441740085,26.087288214812265
AGC_193,ENTRENAMIENTO,4.57,12.41,74.05,0.5614285714285714,0.3824193548387097,-0.587,2.684,961.35080909729,1.3925693753246133,2631.6582674931155,-98.27435809929732,19.86579200783895,26.658593232696468
AGC_194,ENTRENAMIENTO,3.2,4.12,78.3705,0.5374,0.3207878787878788,-0.638,2.212,1291.162800409765,3.5081007761005,2715.581345718172,-98.39236410798287,19.950510288816787,26.853122982717526
AGC_195,ENTRENAMIENTO,3.68,1.92,75.399,0.48175,0.3265294117647059,-0.598,2.425,961.35080909729,0.35266585101741976,2603.471617083111,-98.26464312548357,19.86009547440785,27.341653653703055
AGC_196,ENTRENAMIENTO,3.5,8.57,77.127,0.321,0.3548108108108108,-0.592,3.334,799.4574012756348,1.7408288196308035,2543.659751834512,-98.57915930879956,19.65634,25.871018264396447
AGC_197,ENTRENAMIENTO,4.52,11.52,63.6655,0.40985714285714286,0.3633125,-0.586,2.347,961.35080909729,1.2076460139196492,2613.3517695713313,-98.27466741674465,19.8779723618378,26.612288943958113
