ID_POLIGONO,conjunto,rendimiento_t_ha,area_ha,ndvi_s2_int,ndvi_s2_media_sep_oct,crc_s2_media,vi6t_landsat_max,lai_planet_max,lluvia_ciclo_mm,pendiente_grados,elevacion_m,pixel_clima,edaf_grupo,sg_cec_0-5cm_mean,sg_silt_0-5cm_mean
AGC_001,ENTRENAMIENTO,3.5,7.61,70.9365,0.6277,0.3024,-0.596,3.142,1360.9191226959229,3.039547547321454,2708.937488097546,2433,Phaeozem,25.83061785237128,29.376331388784138
AGC_002,ENTRENAMIENTO,4.63,2.31,91.6625,0.447,0.37570967741935485,-0.58,2.805,961.35080909729,0.5975071106380666,2611.461294672004,1984,Planosol,27.536937222274236,28.600643174543727
AGC_003,PREDICCION,,18.68,84.009,0.5845,0.34796875,-0.612,3.126,1335.0902252197266,2.2784374573396216,2642.6009501463227,1852,Umbrisol,23.418261119105505,29.921936813427124
AGC_004,ENTRENAMIENTO,3,8,67.527,0.49766666666666665,0.36088888888888887,-0.616,2.599,887.9460887908936,1.3451827115764228,2564.1995983111897,2369,Phaeozem,24.363167910116324,27.415497280985335
AGC_005,ENTRENAMIENTO,5.16,2.27,94.3275,0.7322,0.4132,-0.611,3.345,793.7303228378296,1.4320193173199773,2623.981209473153,1985,Planosol,27.643523234367358,27.9395459527014
AGC_006,ENTRENAMIENTO,4.49,3.84,84.25150000000001,0.55725,0.3864444444444444,-0.561,2.993,793.7303228378296,2.4128724188578685,2894.1334699510753,1985,Phaeozem,26.287548383358693,29.62307755441185
AGC_007,ENTRENAMIENTO,3.5,2.87,84.411,0.457375,0.2696363636363636,-0.616,3.663,1274.5569305419922,3.607715046809161,2762.1503539093906,1851,Umbrisol,25.725869441452364,29.011086903479587
AGC_008,ENTRENAMIENTO,4.55,10.77,76.877,0.49142857142857144,0.36906451612903224,-0.6,2.647,961.35080909729,2.948304181729892,2614.8365568344702,1984,Phaeozem,26.528857117693057,28.57241350383564
AGC_009,ENTRENAMIENTO,4.79,0.38,78.603,0.42075,0.30076470588235293,-0.632,2.479,1046.5036239624023,7.428509088102471,2640.8882224119325,1919,Phaeozem,25.3,30.8
AGC_010,ENTRENAMIENTO,4.1,7.27,85.2175,0.5017142857142858,0.3155588235294118,-0.601,2.53,961.35080909729,0.45213028073430866,2602.364856680349,1984,Phaeozem,27.893155693019224,31.057954999924924
AGC_011,PREDICCION,,7.17,82.2045,0.493875,0.34596875,-0.6,2.479,793.7303228378296,4.222894201039296,2722.530574593613,1985,Phaeozem,23.81574824152386,30.14594378107452
AGC_012,ENTRENAMIENTO,4.69,4.08,89.5995,0.6203333333333333,0.34935483870967743,-0.599,2.901,793.7303228378296,5.512204900990482,2884.796552991907,1985,Phaeozem,24.993067252820925,30.9772820223768
AGC_013,ENTRENAMIENTO,4.01,5.6,89.058,0.6981666666666666,0.32426666666666665,-0.576,3.239,793.7303228378296,2.8526420938732526,2901.2919699919216,1985,Phaeozem,26.649233524725133,30.05545116792058
AGC_014,ENTRENAMIENTO,4.83,7.44,95.9925,0.4825,0.3429333333333333,-0.601,2.904,924.4160351217531,0.677175531233725,2602.6342506765995,1984,Phaeozem,28.139764321484527,31.914863079828685
AGC_015,ENTRENAMIENTO,2.64,1.97,78.9215,0.5805,0.376,-0.588,2.701,793.7303228378296,2.917908545049088,2670.9745184692188,1985,Planosol,26.70979696236198,27.657987898992737
AGC_016,PREDICCION,,7.47,83.8595,0.4231666666666667,0.36035483870967744,-0.595,2.832,961.35080909729,0.5574679189867917,2611.5379527673363,1984,Planosol,27.12557502452694,27.918477896694384
AGC_017,ENTRENAMIENTO,4.98,1.6,80.04299999999999,0.5261,0.3368285714285714,-0.595,2.607,793.7303228378296,4.736939010551105,2657.3328529241985,1985,Planosol,26.695027140494155,27.928314182457523
AGC_018,ENTRENAMIENTO,4.49,1.67,88.30850000000001,0.48914285714285716,0.387125,-0.618,2.77,961.35080909729,2.0023127998936245,2619.264515737434,1984,Phaeozem,27.3272623142473,30.878362101597855
AGC_019,ENTRENAMIENTO,3,5.65,75.836,0.3322857142857143,0.34347058823529414,-0.592,3.207,1074.4636421203613,2.6479885558682303,2585.190830693939,2368,Phaeozem,27.71781652461572,28.976319722420733
AGC_020,ENTRENAMIENTO,3.5,8.34,79.7215,0.3528181818181818,0.3581621621621622,-0.599,3.464,834.4776458740234,0.5613961138745913,2528.9248280685792,2303,Phaeozem,25.323814910976843,28.395386722517905
AGC_021,ENTRENAMIENTO,4.94,2.86,72.307,0.5994444444444444,0.33790909090909094,-0.587,2.55,793.7303228378296,2.079852304886478,2753.478024970821,1985,Phaeozem,24.650255448505646,29.909872516625256
AGC_022,ENTRENAMIENTO,4.55,11.99,74.885,0.40814285714285714,0.3760909090909091,-0.607,2.293,961.35080909729,1.1267926563997988,2620.9683832026417,1984,Phaeozem,25.170907707097623,29.0755581475763
AGC_023,ENTRENAMIENTO,3,7.72,74.7225,0.4228,0.3634871794871795,-0.618,2.761,770.9277410507202,1.76618094686929,2502.4572989583744,2304,Phaeozem,25.89041627068956,32.08395272538081
AGC_024,ENTRENAMIENTO,3.03,11.53,82.22,0.631,0.3575,-0.606,3.165,961.35080909729,0.7059169428409586,2630.5238309739075,1984,Phaeozem,26.816395744267755,29.15969757626136
AGC_025,PREDICCION,,2,75.8775,0.5602222222222222,0.3294102564102564,-0.624,2.674,887.9460887908936,0.8714984541259005,2538.4613167877205,2369,Phaeozem,24.03844609342881,27.411914425893816
AGC_026,ENTRENAMIENTO,3.55,5.49,77.3335,0.535,0.3453125,-0.579,2.53,864.0992128634313,0.7896812378366987,2617.5413230896083,1984,Planosol,27.47618774627781,28.380689231980444
AGC_027,PREDICCION,,8.46,78.072,0.4078,0.3374864864864865,-0.607,3.235,887.9460887908936,1.413340783772319,2608.156047547583,2369,Phaeozem,26.802606607281792,26.231816364788283
AGC_028,PREDICCION,,1.86,70.8055,0.48683333333333334,0.35269696969696973,-0.59,2.297,961.35080909729,7.699088835670559,2653.7104271495227,1984,Phaeozem,26.07454542797971,29.990984084532965
AGC_029,PREDICCION,,5.9,65.2275,0.54125,0.3171428571428571,-0.585,2.859,1360.9191226959229,3.3253658188316555,2692.9996805010837,2433,Phaeozem,26.258438902190637,28.28839869539356
AGC_030,PREDICCION,,13.05,75.478,0.5284285714285715,0.3138666666666667,-0.631,2.416,1274.5569305419922,1.9102567823336318,2766.1422852380083,1851,Umbrisol,25.578920838688365,28.36673126258598
AGC_031,PREDICCION,,1.98,83.3265,0.518,0.30178787878787877,-0.6,2.507,961.35080909729,0.45906891012355255,2604.2849225602595,1984,Phaeozem,27.018081347779763,29.00244723424032
AGC_032,ENTRENAMIENTO,4.03,1.44,81.619,0.47814285714285715,0.36005714285714285,-0.6,2.941,961.35080909729,5.4540083676600535,2639.504491962996,1984,Phaeozem,25.995585286798708,30.022073566006497
AGC_033,ENTRENAMIENTO,4.47,21.04,75.2825,0.5633333333333334,0.3634516129032258,-0.584,2.45,826.9673471215851,5.84849920681481,2758.331292690388,1985,Phaeozem,25.527927421378756,29.224720219292472
AGC_034,ENTRENAMIENTO,2,8.09,71.433,0.44942857142857146,0.3041875,-0.629,2.285,1335.0902252197266,1.521904373572137,2690.8481389302206,1852,Umbrisol,26.848000611855877,30.18472036192685
AGC_035,ENTRENAMIENTO,4.68,23.8,78.9585,0.578,0.3383529411764706,-0.578,3.109,945.3030643463135,0.287670785756005,2527.7254844037975,1982,Umbrisol,23.549851143933918,28.55082137423912
AGC_036,PREDICCION,,5,83.461,0.4262222222222222,0.34493939393939393,-0.584,2.363,961.35080909729,0.6904861587080698,2613.814304949556,1984,Planosol,27.38306719830345,28.91048640972727
AGC_037,ENTRENAMIENTO,3.5,2.66,74.468,0.4689,0.3224054054054054,-0.616,2.913,887.9460887908936,1.739001309293067,2613.5776599253095,2369,Phaeozem,26.813543590450745,26.9
AGC_038,ENTRENAMIENTO,3.3,3.28,79.0115,0.4673,0.3172857142857143,-0.617,2.731,1335.0902252197266,4.25548437152683,2707.258961994019,1852,Umbrisol,27.143919754371286,30.747331598799082
AGC_039,PREDICCION,,7.71,68.512,0.3413,0.3248888888888889,-0.585,2.79,1074.4636421203613,5.42157907664003,2638.902930716172,2368,Phaeozem,27.78253201772261,28.046365880083783
AGC_040,ENTRENAMIENTO,3,5.46,76.2165,0.5815833333333333,0.3248809523809524,-0.621,2.915,887.9460887908936,1.0719932145945723,2532.505230013486,2369,Phaeozem,23.67298335066024,28.810172845697856
AGC_041,ENTRENAMIENTO,2.5,25.13,80.2845,0.443,0.3028235294117647,-0.63,2.403,1140.1180751356173,2.789745793313818,2701.378960955659,1852,Umbrisol,27.192737546338765,29.39539795031684
AGC_042,PREDICCION,,3.81,79.66,0.4968,0.31419444444444444,-0.633,2.73,1290.7507311175605,3.8911515580161664,2691.465811970691,1852,Umbrisol,27.09640902852352,29.621038027272398
AGC_043,PREDICCION,,7.15,84.582,0.7018333333333333,0.3528125,-0.606,2.846,961.2017663135873,0.6312577242612539,2605.3413541146683,1984,Phaeozem,27.983920513634352,31.137775265236616
AGC_044,ENTRENAMIENTO,3.5,0.68,71.6465,0.36254545454545456,0.35735897435897435,-0.595,2.747,834.4776458740234,0.34886233714736486,2529.9936251999734,2303,Phaeozem,24.440887570146188,26.47862994258882
AGC_045,ENTRENAMIENTO,4.1,1.49,87.653,0.545,0.367375,-0.617,2.802,961.35080909729,1.58399072072652,2617.0172286920592,1984,Phaeozem,27.39626895861735,31.055596562073976
AGC_046,ENTRENAMIENTO,3,7.92,71.441,0.4369,0.311,-0.584,3.087,1074.4636421203613,1.8373901554363095,2653.676867689585,2368,Phaeozem,25.561162596965005,26.989904352866024
AGC_047,ENTRENAMIENTO,4.45,64.3,80.8265,0.5382857142857143,0.37023529411764705,-0.607,3.074,805.1693305969238,0.5147665687968904,2527.9600310073815,2047,otros,24.127752886756348,28.169944696584515
AGC_048,ENTRENAMIENTO,2.5,8.29,76.348,0.5599,0.333375,-0.61,3.199,927.5942473269545,4.350358134918051,2563.582950837307,2369,Phaeozem,26.41937358276909,26.73953467509898
AGC_049,ENTRENAMIENTO,5.53,0.87,80.072,0.6074,0.3502258064516129,-0.604,2.672,793.7303228378296,7.417681176582453,2859.4812277714154,1985,Phaeozem,24.37780063429453,31.199999999999996
AGC_050,PREDICCION,,2.42,79.3665,0.4025714285714286,0.35825,-0.589,3.197,1074.4636421203613,2.9811235177839532,2601.5827070917894,2368,Phaeozem,27.864443278722927,27.730612373315886
AGC_051,ENTRENAMIENTO,4.45,11.12,88.26350000000001,0.46122222222222226,0.37809375,-0.613,2.827,740.4930205870243,4.510134434538898,2748.939795790499,2113,otros,25.19998797675238,31.917788333505467
AGC_052,PREDICCION,,6.23,84.9985,0.4494444444444444,0.3545151515151515,-0.614,2.903,1046.5036239624023,6.0774152100815115,2626.7706233081612,1919,Phaeozem,25.380188854579018,30.834327025830902
AGC_053,ENTRENAMIENTO,3.5,8.54,63.626,0.525,0.3579722222222222,-0.609,2.373,887.9460887908936,1.5819479419505451,2589.119435285249,2369,Phaeozem,26.00852602535728,27.097959205621795
AGC_054,ENTRENAMIENTO,2.5,2.01,69.8365,0.42044444444444445,0.32558333333333334,-0.599,2.591,1059.8037815093994,2.162278932252798,2644.794082408528,2434,Phaeozem,26.30040328721852,27.75944041491067
AGC_055,ENTRENAMIENTO,5.45,1.37,82.05,0.5238571428571429,0.36553125000000003,-0.603,2.416,793.7303228378296,3.7141527734990123,2729.316296599203,1985,Phaeozem,25.7,28.84269936379488
AGC_056,ENTRENAMIENTO,5.07,3.65,72.1625,0.5006666666666667,0.3540967741935484,-0.582,2.598,793.7303228378296,2.8707233609843303,2745.1607671027864,1985,Phaeozem,24.667020259196647,29.21479924477532
AGC_057,ENTRENAMIENTO,4.55,0.63,72.7235,0.5297142857142857,0.33640625,-0.586,2.529,793.7303228378296,8.243090782027208,2729.5863766393045,1985,Phaeozem,27.337737315461908,30.364161208233337
AGC_058,ENTRENAMIENTO,2.5,7.7,70.26350000000001,0.5301111111111111,0.3427941176470588,-0.611,3.101,887.9460887908936,1.904522828809339,2620.482752403701,2369,Phaeozem,26.98495052949942,26.579913987718818
AGC_059,ENTRENAMIENTO,4.41,19.53,92.6965,0.503125,0.33888235294117647,-0.583,2.737,853.5066448849767,3.2104276061865225,2644.4842025331563,2049,Umbrisol,25.529094939804104,31.058895635824893
AGC_060,ENTRENAMIENTO,4.52,2.34,74.58,0.48828571428571427,0.3160909090909091,-0.612,2.322,961.35080909729,9.39639520768144,2720.073966269763,1984,Phaeozem,27.754143847820593,30.115028508222412
AGC_061,PREDICCION,,7.23,75.844,0.5268888888888889,0.33119354838709675,-0.588,2.521,1459.1384239196777,4.809010054341711,2785.1347265264303,2432,otros,26.90298788566385,28.089801517694696
AGC_062,ENTRENAMIENTO,3.81,2,65.6745,0.4068888888888889,0.25494594594594594,-0.576,1.91,961.35080909729,0.3193923208237962,2600.2860239866677,1984,Planosol,27.446040849575063,29.334715258010654
AGC_063,PREDICCION,,12.54,77.67099999999999,0.6022857142857143,0.34202941176470586,-0.609,2.58,961.35080909729,1.134429777251584,2607.0543078704945,1984,Phaeozem,27.31328640691337,27.82623422263841
AGC_064,ENTRENAMIENTO,4.51,2.45,81.191,0.456,0.37020588235294116,-0.62,2.513,1046.5036239624023,6.216478667566432,2654.6368576591003,1919,Phaeozem,24.855376660262973,30.96687914600563
AGC_065,PREDICCION,,60.88,97.501,0.47255555555555556,0.34715625,-0.605,3.184,757.6721591949463,1.8867341865510177,2735.805523271492,2113,otros,26.930139337056993,31.315199287992947
AGC_066,ENTRENAMIENTO,3,7.15,64.947,0.4402,0.35644444444444445,-0.601,2.394,864.6091782027183,1.4655263481600798,2513.6046844545217,2304,Phaeozem,25.386444241134164,30.71595010375379
AGC_067,ENTRENAMIENTO,3,1.53,82.8015,0.49775,0.37289655172413794,-0.625,2.906,1231.6271858215332,2.93776764481903,2745.774080274438,1916,Phaeozem,26.7,27.4
AGC_068,ENTRENAMIENTO,2.5,3.1,76.3405,0.5916,0.3377222222222222,-0.606,2.908,887.9460887908936,1.6135596320627543,2521.890131880283,2369,Phaeozem,23.983613282920086,28.817730969678138
AGC_069,ENTRENAMIENTO,5.46,0.38,83.6945,0.608625,0.3941764705882353,-0.595,2.876,793.7303228378296,4.362900285616133,2626.4626860672956,1985,Planosol,27.7,26.8
AGC_070,ENTRENAMIENTO,3.3,20.83,77.5435,0.6137777777777778,0.2885714285714286,-0.633,2.861,1335.0902252197266,4.022468652918097,2739.829248482904,1852,Umbrisol,26.140101430831812,30.79722869952239
AGC_071,PREDICCION,,5.21,73.1015,0.5109,0.33783783783783783,-0.618,2.83,887.9460887908936,1.8986238788535352,2610.398599756892,2369,Phaeozem,27.103855202439775,26.78825694341498
AGC_072,ENTRENAMIENTO,4.55,4.38,86.2405,0.6626666666666666,0.31561290322580643,-0.575,3.273,793.7303228378296,3.452602834014136,2891.5565902287203,1985,Phaeozem,26.05527799225054,29.923252513594782
AGC_073,ENTRENAMIENTO,4.3,2.05,66.7595,0.4145,0.2454705882352941,-0.58,1.88,961.35080909729,0.38423178385510637,2600.526033022269,1984,Planosol,27.87806384561685,29.6746873537736
AGC_074,ENTRENAMIENTO,2.5,8.54,80.17999999999999,0.526625,0.344125,-0.586,3.377,1459.1384239196777,5.317043614611158,2812.36036331617,2432,otros,26.16215003048032,29.119997383697342
AGC_075,PREDICCION,,3.9,71.9805,0.3831818181818182,0.30967567567567567,-0.6,2.476,887.9460887908936,1.6314023807487334,2611.351962607333,2369,Phaeozem,26.041791835432257,27.259893256650354
AGC_076,PREDICCION,,1.01,82.262,0.5904285714285714,0.34115625,-0.612,2.725,961.35080909729,5.495703215032581,2633.5671793921297,1984,otros,25.3,32.6
AGC_077,ENTRENAMIENTO,4.76,6.08,72.236,0.5775,0.3640689655172414,-0.577,2.728,961.35080909729,1.9208572979626601,2848.906431250035,1984,Phaeozem,26.046703298111986,30.634825046905338
AGC_078,ENTRENAMIENTO,3,2.3,73.10600000000001,0.5041428571428571,0.263,-0.63,3.01,1274.5569305419922,1.7425653687949147,2752.1050533380517,1851,Umbrisol,25.602993732014482,28.88601655229123
AGC_079,ENTRENAMIENTO,3.3,18.87,74.391,0.49325,0.2942666666666667,-0.626,2.967,1335.0902252197266,3.643082002395246,2701.564834341783,1852,Umbrisol,25.65734110511977,31.160826434908575
AGC_080,ENTRENAMIENTO,3.5,18.99,83.94500000000001,0.5382,0.2809655172413793,-0.634,3.385,1274.5569305419922,0.6094973209852778,2762.992481035708,1851,Phaeozem,25.077756191915395,28.12088691770581
AGC_081,ENTRENAMIENTO,3.7,3.28,75.565,0.4731666666666667,0.3022941176470588,-0.633,3.25,1335.0902252197266,1.6096896591731995,2636.015552260299,1852,Umbrisol,23.736197844426485,29.07800020486773
AGC_082,PREDICCION,,2.77,80.1855,0.43122222222222223,0.2991081081081081,-0.607,2.301,900.2249836132853,3.2202460092733207,2637.443421845756,2049,Umbrisol,26.217986456650824,30.7321763216781
AGC_083,ENTRENAMIENTO,4.61,2.87,74.168,0.461125,0.35786111111111113,-0.594,2.604,961.35080909729,2.3682269399391114,2564.037732237001,1984,otros,25.04748221639704,28.274585344241057
AGC_084,ENTRENAMIENTO,4.54,12.42,87.32050000000001,0.6244285714285714,0.38075757575757574,-0.613,2.683,843.0456554317782,3.6277561509587053,2685.470761598646,2049,Phaeozem,23.588090958791238,30.574405332558932
AGC_085,PREDICCION,,5.5,70.891,0.42375,0.3532121212121212,-0.574,2.324,961.35080909729,0.8363667263553518,2615.101276454727,1984,Phaeozem,27.877163190526346,28.527564825263074
AGC_086,PREDICCION,,4.73,68.1795,0.5759,0.3442972972972973,-0.612,2.745,887.9460887908936,1.1060645939304452,2547.4484170363908,2369,Phaeozem,23.19841476452063,26.72367663740415
AGC_087,PREDICCION,,5.66,69.8125,0.36922222222222223,0.33452941176470585,-0.603,2.605,1059.8037815093994,2.1264388581320137,2650.339790747846,2434,Phaeozem,26.391425930754803,28.05646054605516
AGC_088,PREDICCION,,5.91,86.9305,0.611,0.34806896551724137,-0.564,2.977,793.7303228378296,2.06417192802281,2906.0395204557385,1985,Phaeozem,26.32747752863267,29.92877671347416
AGC_089,ENTRENAMIENTO,3,1.72,76.8625,0.382,0.2970333333333333,-0.623,2.905,1274.5569305419922,1.0802922511581075,2744.1366300894465,1851,Umbrisol,26.499179419300127,27.868206548872955
AGC_090,ENTRENAMIENTO,4.68,10.98,82.5865,0.541,0.37971875,-0.608,2.662,961.35080909729,2.554585011366528,2626.974810417427,1984,Phaeozem,26.836398859406778,30.598668488518324
AGC_091,PREDICCION,,0.35,86.1515,0.6278,0.33141176470588235,-0.596,2.938,793.7303228378296,2.345381021499634,2636,1985,Planosol,26.483621759691555,26.749134720925333
AGC_092,ENTRENAMIENTO,4.57,0.5,68.386,0.57825,0.3136451612903226,-0.579,2.811,793.7303228378296,4.781271073696014,2636.251103191575,1985,Planosol,26.935849785373637,26.271691152484653
AGC_093,PREDICCION,,3.71,71.1195,0.3879090909090909,0.32126315789473686,-0.61,2.527,887.9460887908936,1.8265758034769464,2617.66952514046,2369,Phaeozem,26.070406806912843,27.155610210369268
AGC_094,PREDICCION,,3.63,69.4535,0.5673333333333334,0.342125,-0.596,2.541,793.7303228378296,0.8204820438956029,2750.433599699508,1985,Phaeozem,24.097879969478605,29.034832398262846
AGC_095,PREDICCION,,1.33,71.645,0.43833333333333335,0.3643939393939394,-0.592,2.519,961.35080909729,4.145281860050776,2640.481345267384,1984,Phaeozem,26.008951424639736,30.279337741877733
AGC_096,ENTRENAMIENTO,4.59,12.87,64.87,0.40071428571428575,0.3566875,-0.589,2.308,961.35080909729,1.0005293367428671,2618.4492974581794,1984,Phaeozem,25.80984623138196,29.160773663142937
AGC_097,ENTRENAMIENTO,4.69,2.35,70.584,0.593,0.32941176470588235,-0.586,2.439,793.7303228378296,1.7325076929793748,2753.7017321351964,1985,Phaeozem,24.65504701841494,29.921436444900944
AGC_098,ENTRENAMIENTO,3,4.9,76.175,0.5894444444444444,0.32836363636363636,-0.614,2.88,1360.9191226959229,3.469707546655249,2698.7022429501476,2433,Phaeozem,26.1217714848115,28.40983503930034
AGC_099,ENTRENAMIENTO,3.5,1.17,70.3265,0.5838,0.3768918918918919,-0.603,2.63,887.9460887908936,1.6746764296977574,2576.9233069536745,2369,Phaeozem,24.39993345739491,25.625249363350502
AGC_100,ENTRENAMIENTO,4.5,11.24,80.325,0.586,0.3790909090909091,-0.615,2.779,961.35080909729,1.0859704808591966,2647.2428556239392,1984,Phaeozem,26.848129662881945,29.71000658838982
AGC_101,ENTRENAMIENTO,4.57,12.35,68.0985,0.44,0.363,-0.579,2.38,961.35080909729,2.02666283495588,2622.940453414154,1984,Phaeozem,26.71178924938775,28.180752803957073
AGC_102,ENTRENAMIENTO,4.4,12.75,70.8075,0.473,0.364875,-0.584,2.525,961.35080909729,1.5492698860354939,2625.059643760274,1984,Phaeozem,27.058463690441023,27.57917350436087
AGC_103,ENTRENAMIENTO,3,2.48,77.5685,0.3895,0.3294705882352941,-0.59,3.222,1074.4636421203613,2.5313971834992075,2580.8374737215436,2368,Phaeozem,27.73553344792303,27.894936541844903
AGC_104,ENTRENAMIENTO,4.56,3.02,78.334,0.46914285714285714,0.35078787878787876,-0.575,2.546,961.35080909729,0.790522170930856,2613.795267014496,1984,Planosol,27.625506796805446,28.637797858086003
AGC_105,ENTRENAMIENTO,4.41,2.99,85.7975,0.5513333333333333,0.38470967741935486,-0.599,2.654,961.35080909729,0.6965322248469946,2609.1650311039116,1984,Phaeozem,27.900171974824207,30.339595920726083
AGC_106,ENTRENAMIENTO,4.43,6.09,78.3605,0.4101666666666667,0.31887096774193546,-0.593,2.402,961.35080909729,0.5663277229623543,2606.208917118333,1984,Planosol,27.16765144392577,31.260411090777758
AGC_107,PREDICCION,,2.63,93.2705,0.524,0.37027777777777776,-0.619,2.473,910.2673473358154,0.7812542787763705,2630.134899705386,2049,Umbrisol,26.5,27.999266741042057
AGC_108,ENTRENAMIENTO,4.51,3.79,65.304,0.497125,0.3628709677419355,-0.601,2.188,793.7303228378296,6.665995422430866,2869.560683064893,1985,Phaeozem,25.539701596741715,30.317108963792073
AGC_109,ENTRENAMIENTO,4.54,3.14,71.657,0.492875,0.3529375,-0.576,2.098,793.7303228378296,2.382770227985215,2751.8818506291673,1985,Phaeozem,24.600027061758002,30.301142237004804
AGC_110,ENTRENAMIENTO,4.18,6.19,75.38850000000001,0.49933333333333335,0.3666875,-0.6,2.521,961.35080909729,0.5771335347977363,2607.399334381997,1984,Phaeozem,27.400386992855356,31.582404843327367
AGC_111,ENTRENAMIENTO,4.72,1.71,80.88600000000001,0.6084285714285714,0.3257931034482759,-0.579,2.7,793.7303228378296,6.92229087214541,2880.6740733874854,1985,Phaeozem,25.996089986121955,30.22796523799454
AGC_112,ENTRENAMIENTO,3,7.96,76.9385,0.5402,0.36226315789473684,-0.607,3.14,887.9460887908936,1.1220354179324934,2537.691549645394,2369,Phaeozem,23.581777145755265,26.781243816999904
AGC_113,PREDICCION,,10.58,67.8715,0.429375,0.2706875,-0.627,2.782,1335.0902252197266,3.348745934458474,2711.822107883356,1852,Umbrisol,26.97321229303185,31.341498626175866
AGC_114,ENTRENAMIENTO,3,6.95,71.355,0.48375,0.32865714285714287,-0.586,2.851,1074.4636421203613,2.557309390559846,2677.666832290541,2368,Phaeozem,25.16515015024959,26.1732568593724
AGC_115,ENTRENAMIENTO,4.6,1.93,73.689,0.4355,0.2863235294117647,-0.585,2.082,961.35080909729,0.3606146732344978,2600.4181168486907,1984,Planosol,27.75248151443937,29.709381661836524
AGC_116,PREDICCION,,7.43,84.3185,0.5448333333333333,0.34265625,-0.605,2.866,910.2673473358154,0.7907546746432403,2604.934458964534,2049,Phaeozem,28.321407992856393,31.073526759271374
AGC_117,ENTRENAMIENTO,3.5,5.68,70.265,0.5399090909090909,0.3594864864864865,-0.613,2.467,887.9460887908936,2.0062491651698577,2583.3421484896935,2369,Phaeozem,26.140685917073647,27.010655513133308
AGC_118,PREDICCION,,4.42,68.9865,0.419,0.30928125,-0.594,2.745,1231.6271858215332,7.544256858229008,2778.8809440168307,1916,Umbrisol,27.91865930325384,28.05167587093269
AGC_119,ENTRENAMIENTO,4.4,0.64,88.3135,0.4935,0.31545454545454543,-0.621,2.782,1046.5036239624023,7.488604393742661,2641.574050467212,1919,Phaeozem,26.389258621186134,30.583427888242408
AGC_120,PREDICCION,,7.47,92.50150000000001,0.49325,0.3004411764705882,-0.625,3.649,1059.8037815093994,5.202737790983063,2614.8199362670434,2434,Phaeozem,27.0209100852965,27.756663093269275
AGC_121,ENTRENAMIENTO,3.3,5.92,74.7835,0.5545714285714286,0.2802903225806452,-0.631,3.108,1267.1335241616857,2.7163680445935547,2753.736992934555,1851,Phaeozem,25.837421678363363,27.765375122720606
AGC_122,ENTRENAMIENTO,3.5,7.45,80.01950000000001,0.4562,0.3355294117647059,-0.588,2.847,1446.7760485695121,5.291218228326045,2715.200862628418,2432,otros,26.41425007389093,26.69109312899816
AGC_123,ENTRENAMIENTO,2.5,8.01,72.857,0.438,0.3369393939393939,-0.581,2.486,1120.501502063352,2.0396638187264267,2692.6459247638663,2367,Phaeozem,25.573328924636947,24.719339528303735
AGC_124,ENTRENAMIENTO,5.05,1.96,78.191,0.6275000000000001,0.3458529411764706,-0.601,2.689,793.7303228378296,6.12276780123839,2717.777083092393,1985,Phaeozem,26.789269640572392,27.079399590025467
AGC_125,ENTRENAMIENTO,4.06,10.14,89.407,0.4165,0.31703125,-0.603,2.837,915.2991269029078,0.6015441066098537,2608.469388256298,1984,Phaeozem,27.582292861504943,30.49981289646708
AGC_126,PREDICCION,,5.75,77.5125,0.6064285714285714,0.3167142857142857,-0.571,2.869,793.7303228378296,2.082396389857421,2891.714402946398,1985,Phaeozem,26.13293789027868,30.353100235128675
AGC_127,ENTRENAMIENTO,5.57,0.91,87.96600000000001,0.543,0.3120909090909091,-0.622,2.531,961.35080909729,6.935407542381138,2726.6831047761584,1984,Phaeozem,26.999149669929004,30.87110542909229
AGC_128,PREDICCION,,6.15,86.925,0.4663,0.3482368421052632,-0.597,2.431,910.2673473358154,2.0973321309923305,2630.5303812794295,2049,Phaeozem,26.61819613950023,28.198367037465907
AGC_129,PREDICCION,,8.16,85.5325,0.5118333333333334,0.28903225806451616,-0.637,3.279,1335.0902252197266,1.5995820124352822,2650.577514066641,1852,Umbrisol,23.79303247366505,28.06707300524419
AGC_130,PREDICCION,,12.1,76.114,0.400125,0.35158823529411765,-0.609,2.493,1046.5036239624023,5.066988941425358,2649.9868425449454,1919,Phaeozem,24.87858037085432,30.552618720222114
AGC_131,ENTRENAMIENTO,4.89,1.46,81.418,0.5291666666666667,0.4130909090909091,-0.598,2.992,961.35080909729,2.6074970206085366,2622.7091136935983,1984,Phaeozem,23.646897407850638,28.012234106395816
AGC_132,ENTRENAMIENTO,4.13,6.1,84.2255,0.6251666666666666,0.3023,-0.582,3.019,793.7303228378296,3.3243019682883017,2881.4496697832637,1985,Phaeozem,26.135083739427493,30.06439182007252
AGC_133,ENTRENAMIENTO,3.91,6.08,94.774,0.6513333333333333,0.3398333333333333,-0.604,2.909,850.8841345989041,2.8447008539630385,2839.8091792669707,1984,Phaeozem,25.198221492203945,31.17504601223801
AGC_134,ENTRENAMIENTO,4.52,2.25,95.2835,0.45425,0.34674193548387094,-0.625,2.877,702.7885869656996,7.315089204686029,2762.703708253728,2112,Planosol,25.555379802633162,31.766870431728556
AGC_135,ENTRENAMIENTO,4.49,1.62,75.9785,0.602,0.3102,-0.589,2.709,793.7303228378296,6.2231002278675245,2873.0921102693933,1985,Phaeozem,26,30.325807622825312
AGC_136,PREDICCION,,1.69,85.1325,0.5448571428571428,0.3582727272727273,-0.583,2.596,961.35080909729,0.31861529985013254,2610,1984,Planosol,27.1,28.852968016927313
AGC_137,ENTRENAMIENTO,4.54,24.81,96.5655,0.5581111111111111,0.3494857142857143,-0.615,2.836,821.3128318786621,3.935037864116879,2719.2386408198104,2114,Phaeozem,25.790020467355447,31.841378037377837
AGC_138,ENTRENAMIENTO,2.5,7.86,75.6675,0.5115,0.3887272727272727,-0.601,2.901,887.9460887908936,1.5066787716077108,2581.0044710193133,2369,Phaeozem,25.484924964552242,26.21842024141923
AGC_139,ENTRENAMIENTO,4.67,1.92,74.949,0.46244444444444444,0.2969142857142857,-0.592,2.291,961.35080909729,0.3383188179362033,2600.306084244243,1984,Planosol,27.50765784480626,29.733023602592077
AGC_140,ENTRENAMIENTO,3.2,4.13,87.4765,0.538875,0.28259375,-0.626,3.191,1274.5569305419922,1.1494257230317564,2747.468942121784,1851,Phaeozem,27.340070829682407,26.102013518754546
AGC_141,ENTRENAMIENTO,3.5,3.94,65.5215,0.5923,0.3418333333333333,-0.596,2.899,1006.2369456330728,1.7617209893716368,2621.285957079911,2368,Phaeozem,26.07279547441696,27.66806202482876
AGC_142,PREDICCION,,1.29,65.025,0.41685714285714287,0.36303125,-0.591,2.002,793.7303228378296,7.9875283295307495,2726.5239429950766,1985,Phaeozem,27.32512009612674,30.296524265657673
AGC_143,PREDICCION,,11.48,81.2985,0.5268571428571429,0.3871176470588235,-0.603,2.547,961.293471495751,2.3144251627399677,2616.710380756727,1984,Phaeozem,27.6058628121698,29.683126957376437
AGC_144,ENTRENAMIENTO,2.5,7.48,74.607,0.3962,0.33508333333333334,-0.579,2.855,1074.4636421203613,3.2643428291117074,2644.039055752539,2368,Phaeozem,27.583081743008485,28.19084627436692
AGC_145,ENTRENAMIENTO,3.5,8.33,78.62950000000001,0.41714285714285715,0.37234375000000003,-0.591,2.692,1170.6749569572796,2.1186203977471507,2675.0500232153186,2368,Phaeozem,25.149001770950086,25.008377587186033
AGC_146,ENTRENAMIENTO,4.58,1.33,89.77,0.5214444444444445,0.3695428571428571,-0.569,2.479,910.2673473358154,0.3949244516548278,2627.0939010402753,2049,Phaeozem,27.155733828283502,27.93279851514949
AGC_147,PREDICCION,,6.8,81.137,0.4324,0.3491470588235294,-0.589,2.891,1162.8000831604004,4.284793357532655,2669.907033442821,2367,Phaeozem,26.64769545757236,27.343601573318402
AGC_148,ENTRENAMIENTO,3,2.46,73.372,0.5275555555555556,0.29970967741935484,-0.629,3.073,1274.5569305419922,1.1137972566294594,2746.730257684445,1851,Umbrisol,27.13759316732374,27.078512426158824
AGC_149,PREDICCION,,8.99,82.3445,0.468875,0.37306060606060604,-0.613,2.748,1046.5036239624023,5.869619676332947,2645.6551055026594,1919,Phaeozem,24.58917067735097,30.224737098626537
AGC_150,ENTRENAMIENTO,4.52,1.99,80.1585,0.435875,0.37733333333333335,-0.585,2.582,816.2345630905141,0.7893007541302286,2615.6376570733587,1984,Planosol,27.82005540370816,28.657103283065602
AGC_151,ENTRENAMIENTO,4.69,9.32,99.381,0.517,0.37933333333333336,-0.622,2.905,821.3128318786621,6.636521764891236,2730.9283477081353,2114,Umbrisol,26.426894176583545,33.02889678621086
AGC_152,ENTRENAMIENTO,4.87,2.63,95.483,0.538625,0.31738235294117645,-0.622,2.641,821.3128318786621,4.990877864124789,2763.6669678322633,2114,Phaeozem,26.426420695506106,32.34291453836911
AGC_153,PREDICCION,,1.99,72.303,0.5127142857142857,0.29335483870967743,-0.6,2.018,961.35080909729,0.28186452025110087,2606.0121770184933,1984,Planosol,26.4188612188498,28.711272568684926
AGC_154,PREDICCION,,1.49,91.1195,0.5105714285714286,0.3796764705882353,-0.594,3.267,961.35080909729,3.8409833570690832,2637.6869964433163,1984,Phaeozem,26.031783248108088,28.952237912082644
AGC_155,ENTRENAMIENTO,4.52,2.24,81.2225,0.6027777777777777,0.37096969696969695,-0.59,3.027,793.7303228378296,5.318302119682892,2753.3033921047154,1985,Phaeozem,25.564367170380383,31.505316235530177
AGC_156,PREDICCION,,8.2,81.9855,0.6351428571428571,0.2962758620689655,-0.614,3.265,1274.5569305419922,1.4056250109160098,2752.379143981959,1851,Phaeozem,27.187531928363057,26.390519152662186
AGC_157,ENTRENAMIENTO,3,1.18,70.5575,0.6055,0.36144117647058827,-0.613,2.943,905.01057452569,1.88320462168324,2617.3189504022166,2368,Phaeozem,25.99644373272532,27.014825452100332
AGC_158,PREDICCION,,11.22,70.182,0.49942857142857144,0.3552121212121212,-0.584,2.469,961.35080909729,0.8936808315861815,2631.5572609613378,1984,Phaeozem,27.296888975018135,29.588474572470393
AGC_159,ENTRENAMIENTO,4.77,2.14,79.976,0.6271111111111112,0.3309705882352941,-0.595,2.973,793.7303228378296,1.5873293498850674,2627.276908425442,1985,Planosol,27.206618815100825,26.667322337957017
AGC_160,ENTRENAMIENTO,3.62,7.61,78.525,0.6361111111111111,0.30211764705882355,-0.595,2.749,793.7303228378296,2.765805025408512,2743.3864412853545,1985,Phaeozem,24.009544769846556,29.393650451680145
AGC_161,ENTRENAMIENTO,4.46,3.36,86.581,0.6739999999999999,0.347875,-0.604,2.96,793.7303228378296,5.733787916743088,2741.0767922362065,1985,Phaeozem,24.907865448360745,30.03365828361762
AGC_162,ENTRENAMIENTO,5.59,4.93,60.8425,0.46316666666666667,0.32615151515151514,-0.587,2.132,793.7303228378296,4.661558965382193,2834.2489454684055,1985,Phaeozem,26.01839794085405,30.17159015804942
AGC_163,ENTRENAMIENTO,3,2.57,70.246,0.569,0.3568529411764706,-0.613,2.741,926.6120009580081,2.0039212939451727,2612.767760811306,2368,Phaeozem,26.033540091211528,27
AGC_164,ENTRENAMIENTO,3,11.84,69.087,0.4440909090909091,0.362725,-0.608,2.76,770.9277410507202,0.9039252244638498,2496.648467628232,2304,Phaeozem,26.27446714824717,30.437193066538413
AGC_165,ENTRENAMIENTO,4.44,6.21,82.6085,0.5706666666666667,0.36324137931034484,-0.573,2.734,793.7303228378296,2.3646235013476002,2903.9903805175136,1985,Phaeozem,26.484235954940715,29.98954359731499
AGC_166,ENTRENAMIENTO,2.5,6.76,77.565,0.3806,0.293625,-0.635,2.5,1135.12548828125,3.438691457597833,2690.6081222937837,1917,Umbrisol,26.37542078907999,27.96360916332771
AGC_167,ENTRENAMIENTO,4.54,2.46,85.5865,0.6151111111111112,0.3395483870967742,-0.595,2.775,793.7303228378296,3.7445552084708873,2635.6632320515446,1985,Planosol,26.43528504487164,26.894144865385073
AGC_168,ENTRENAMIENTO,4.49,1.53,83.516,0.6092857142857143,0.36020588235294115,-0.605,2.687,961.35080909729,3.6644079921833934,2632.591064363742,1984,Phaeozem,26.43468969131495,30.118709565925418
AGC_169,ENTRENAMIENTO,2.5,2.51,72.611,0.5766,0.3375897435897436,-0.61,2.987,887.9460887908936,1.1686295597976908,2529.253005230617,2369,Phaeozem,23.84861018523822,27.032312394811335
AGC_170,ENTRENAMIENTO,3,8.13,57.448,0.4271,0.3547179487179487,-0.614,2.503,770.9277410507202,1.3910803257933293,2501.227723351566,2304,Phaeozem,26.061081014127602,30.99335644156837
AGC_171,ENTRENAMIENTO,2.15,11.63,74.091,0.4745714285714286,0.3881935483870968,-0.599,2.407,961.35080909729,1.4037374152593356,2629.1506348028556,1984,Phaeozem,26.502310781670616,28.139356283593024
AGC_172,ENTRENAMIENTO,5.19,2.33,76.415,0.5615714285714286,0.32593548387096777,-0.589,2.907,809.0491116905155,3.6742496473213007,2885.336641718094,1920,Phaeozem,27.868194779894726,30.237551424966558
AGC_173,PREDICCION,,3.6,91.715,0.619375,0.3389142857142857,-0.616,3.278,1074.4636421203613,0.9747033168351694,2566.991552372175,2368,Phaeozem,24.648785771999123,29.0704129734283
AGC_174,PREDICCION,,6.89,74.944,0.390375,0.36348648648648646,-0.599,2.293,947.4036476046206,2.2845566432592657,2546.6165459471895,1918,Phaeozem,26.206691521071463,29.40724671940091
AGC_175,PREDICCION,,1.41,78.9675,0.65025,0.3630909090909091,-0.587,2.844,793.7303228378296,2.9659706970065707,2645.943826930577,1985,Planosol,26.135252847877258,27.407535683744737
AGC_176,ENTRENAMIENTO,4.38,7.15,76.236,0.5304444444444445,0.3099142857142857,-0.592,2.788,890.6072187652442,4.558720826578079,2694.267809614922,1985,Phaeozem,27.091300025815507,27.76847368171895
AGC_177,PREDICCION,,5.66,81.341,0.480625,0.36672727272727274,-0.577,2.627,961.35080909729,0.8061370526355467,2613.0100206263473,1984,Phaeozem,27.656997643100443,28.804925552706106
AGC_178,ENTRENAMIENTO,4.39,9.82,66.065,0.4455,0.36115151515151517,-0.596,2.299,961.35080909729,1.202999364574783,2642.14707069118,1984,Phaeozem,27.5743016908555,28.38453985298441
AGC_179,ENTRENAMIENTO,4.55,6.35,76.488,0.6377777777777778,0.3153235294117647,-0.593,2.668,793.7303228378296,4.563680939710005,2734.8758814353405,1985,Phaeozem,25.793882812991182,27.77795525682423
AGC_180,ENTRENAMIENTO,4.14,10.9,94.2295,0.4672857142857143,0.3754193548387097,-0.603,2.841,705.9544015001741,5.731233935243036,2773.8363999063754,2112,Planosol,25.138891942902326,31.961252523397967
AGC_181,ENTRENAMIENTO,4.51,1.49,79.5505,0.552,0.36403030303030304,-0.599,2.972,961.35080909729,7.264658044795708,2640.5948784024586,1984,Phaeozem,24.93092664735142,29.45926357675443
AGC_182,PREDICCION,,4.13,77.6645,0.51525,0.35090625,-0.589,2.427,892.2797203063965,4.1081041696907,2644.6732915535745,2050,Planosol,27.249402540043395,27.86207716851024
AGC_183,PREDICCION,,7.85,71.218,0.436125,0.32991176470588235,-0.613,2.64,972.779967028224,1.3564142969006943,2578.6355395841665,2368,Phaeozem,24.250778733646982,26.93002879473544
AGC_184,ENTRENAMIENTO,4.47,9.96,87.664,0.5359,0.36083783783783785,-0.601,2.332,910.2673473358154,0.6308625708160445,2628.687050806674,2049,Umbrisol,27.111533998876418,27.78149532558128
AGC_185,ENTRENAMIENTO,5.01,11.88,79.473,0.4897142857142857,0.3522058823529412,-0.599,2.146,961.35080909729,3.2278379808592454,2632.824259643215,1984,Phaeozem,26.175686058134573,30.941109680447777
AGC_186,PREDICCION,,11.7,83.0595,0.5720000000000001,0.3256,-0.619,2.466,961.35080909729,0.9517692288055173,2601.864972589026,1984,Phaeozem,27.49160186782899,28.290440972188367
AGC_187,ENTRENAMIENTO,3,8.04,71.13,0.3443333333333333,0.36027777777777775,-0.614,2.86,834.4776458740234,0.84366597958572,2555.0504899818925,2303,Phaeozem,25.499948824533618,27.957010059335335
AGC_188,PREDICCION,,2.34,73.3805,0.538,0.3433428571428571,-0.593,2.408,793.7303228378296,3.3897608856040806,2656.2506861052366,1985,Planosol,26.363824480750775,27.083926526521378
AGC_189,ENTRENAMIENTO,4.03,4.6,78.40350000000001,0.490375,0.3363,-0.589,2.417,910.2673473358154,1.7927062845072315,2620.6688143535343,2049,Phaeozem,26.30332917040373,27.165702366275774
AGC_190,PREDICCION,,5.01,77.4965,0.5176666666666666,0.369551724137931,-0.566,2.777,793.7303228378296,2.1549635409738275,2889.549617832214,1985,Phaeozem,26.64432752638907,30.094786001664488
AGC_191,PREDICCION,,1.75,82.6525,0.553625,0.34191176470588236,-0.608,2.568,960.9958435003756,7.826060266387466,2714.0241447828075,1984,Phaeozem,27.656231396811712,29.704154264541142
AGC_192,PREDICCION,,2.14,83.517,0.5728888888888889,0.3366,-0.595,2.87,793.7303228378296,2.6317298446271584,2706.2238543710037,1985,Planosol,26.087288214812265,28.708423716172092
AGC_193,ENTRENAMIENTO,4.57,12.41,74.05,0.5614285714285714,0.3824193548387097,-0.587,2.684,961.35080909729,1.3925693753246133,2631.6582674931155,1984,Phaeozem,26.658593232696468,29.77347521504592
AGC_194,ENTRENAMIENTO,3.2,4.12,78.3705,0.5374,0.3207878787878788,-0.638,2.212,1291.162800409765,3.5081007761005,2715.581345718172,1852,Umbrisol,26.853122982717526,30.33201588809905
AGC_195,ENTRENAMIENTO,3.68,1.92,75.399,0.48175,0.3265294117647059,-0.598,2.425,961.35080909729,0.35266585101741976,2603.471617083111,1984,Planosol,27.341653653703055,29.56090272343875
AGC_196,ENTRENAMIENTO,3.5,8.57,77.127,0.321,0.3548108108108108,-0.592,3.334,799.4574012756348,1.7408288196308035,2543.659751834512,2238,Phaeozem,25.871018264396447,28.46951403491865
AGC_197,ENTRENAMIENTO,4.52,11.52,63.6655,0.40985714285714286,0.3633125,-0.586,2.347,961.35080909729,1.2076460139196492,2613.3517695713313,1984,otros,26.612288943958113,28.529871709286464
