municipio,n,rmse,mae
Tepeapulco,1,1.25800191450125,1.25800191450125
Chignahuapan,71,0.5769070925669182,0.36919489892080076
Singuilucan,16,0.5547243184830539,0.3937193955049825
Nanacamilpa de Mariano Arista,1,0.5107406372910703,0.5107406372910703
Emiliano Zapata,3,0.48615101085845736,0.46781132696865574
Calpulalpan,30,0.4836023789057139,0.4044998732877044
Cuautepec de Hinojosa,5,0.2759792333649309,0.20179192967938633
Almoloya,10,0.25396115582450374,0.19718050134123294
Apan,1,0.18780239781224672,0.18780239781224672
