dataset_id,modelo,rmse_oof,rmse_fold_std,fragil
parcelas_solo2025_ubic_mun-lon_n-edaf_v1,lightgbm,0.5417050732009819,0.2709579392289404,False
parcelas_solo2025_ubic_lon-pix_n-edaf_v1,lightgbm,0.5430537558157211,0.2756348763771841,False
parcelas_solo2025_ubic_lon_n_v1,lightgbm,0.5432252307189521,0.2650598445175867,False
parcelas_solo2025_ubic_lon_n-edaf_v1,lightgbm,0.5444390784072876,0.268962404346867,False
parcelas_solo2025_ubic_mun-lon-pix_n-edaf_v1,lightgbm,0.544943795407664,0.2693871061586388,False
parcelas_solo2025_ubic_lon-pix_n_v1,lightgbm,0.5452606099622782,0.2608097779887848,False
parcelas_solo2025_ubic_lon_n-edaf-silt_v1,lightgbm,0.5460444144129426,0.2797330380867165,False
parcelas_solo2025_ubic_lon-pix_n-edaf-silt_v1,lightgbm,0.5461562362787065,0.2875570274388853,False
parcelas_solo2025_ubic_mun-lon_n-edaf-silt_v1,lightgbm,0.5464023064600969,0.2851316987341665,False
parcelas_solo2025_ubic_mun-lon_n-silt_v1,lightgbm,0.5475100134642105,0.2896187883386946,False
parcelas_solo2025_ubic_lon-pix_n-silt_v1,lightgbm,0.5477233943417116,0.2803229642272896,False
parcelas_solo2025_ubic_mun-lon-pix_n-silt_v1,lightgbm,0.5480353386493568,0.2780028894591435,False
parcelas_solo2025_ubic_mun-lon_n_v1,lightgbm,0.5486971246490714,0.2727383048655633,False
parcelas_solo2025_ubic_mun-lon-pix_n-edaf-silt_v1,lightgbm,0.5487691060454719,0.2737516666486453,False
parcelas_solo2025_ubic_lon-pix_edaf_v1,lightgbm,0.5497209654468553,0.3142738916728637,False
parcelas_solo2025_ubic_lon_reto_v1,lightgbm,0.5498538785853773,0.3355840404150352,False
parcelas_solo2025_ubic_mun-lon-pix_n_v1,lightgbm,0.5498714269572113,0.2611370191593279,False
parcelas_solo2025_ubic_lon_edaf_v1,lightgbm,0.5500614828044146,0.3032634929502001,False
parcelas_solo2025_ubic_lon_n-cec-silt_v1,lightgbm,0.5501567059891741,0.2928547292794104,False
parcelas_solo2025_ubic_lon-pix_n-cec-silt_v1,lightgbm,0.5504472721563043,0.2860596078693796,False
