dataset_id,temporal,ubic_tag,ext_tag,modelo,capa,hparams_id,hparams_json,n_folds,n_features,rmse_oof,mae_oof,r2_oof,rmse_fold_mean,rmse_fold_std,mae_fold_mean,r2_fold_mean,error
parcelas_solo2025_ubic_lon_reto_v1,solo2025,ubic_lon,reto,lightgbm,B,default,,9,10,0.5498538785853773,0.3854610954603381,0.5796317661660839,0.5248793620965224,0.3355840404150352,0.4550951277642974,-1.520050614407158,
parcelas_solo2025_ubic_lon-pix_reto_v1,solo2025,ubic_lon-pix,reto,lightgbm,B,default,,9,11,0.5508393648732657,0.3872966440993344,0.5781235895918744,0.5306803252696964,0.3171556778693107,0.4612462090932173,-1.7295189745039472,
parcelas_solo2025_ubic_mun-lon_reto_v1,solo2025,ubic_mun-lon,reto,lightgbm,B,default,,9,11,0.5557617647255335,0.3926547404975875,0.5705499732255319,0.5480253537790847,0.3389490113474507,0.4804782927664861,-1.5934628980531655,
parcelas_solo2025_ubic_mun-lon-pix_reto_v1,solo2025,ubic_mun-lon-pix,reto,lightgbm,B,default,,9,12,0.5561661876605575,0.3925209498913684,0.5699247318224694,0.53894758312796,0.3104587210188551,0.4679797467881095,-1.8637857369768227,
parcelas_solo2025_ubic_est-lon-pix_reto_v1,solo2025,ubic_est-lon-pix,reto,lightgbm,B,default,,9,12,0.5815187987143142,0.4177299409647438,0.529821439770861,0.5785676421915081,0.3336517452423312,0.5136593691573572,-2.060190773315902,
parcelas_solo2025_ubic_est-mun-lon-pix_reto_v1,solo2025,ubic_est-mun-lon-pix,reto,lightgbm,B,default,,9,13,0.5820915245417707,0.4175592472680156,0.5288948454410445,0.5754499316579543,0.3376021421357387,0.511622863183603,-2.0376291732966685,
parcelas_solo2025_ubic_est-lon_reto_v1,solo2025,ubic_est-lon,reto,lightgbm,B,default,,9,11,0.582810803216386,0.4187511722046237,0.5277298559658454,0.5806710540449112,0.3340580643418925,0.5145466538515944,-2.065469452806947,
parcelas_solo2025_ubic_est-mun-lon_reto_v1,solo2025,ubic_est-mun-lon,reto,lightgbm,B,default,,9,12,0.5830023414428563,0.4191031487841789,0.5274193859142193,0.5766597741479436,0.3355907566447682,0.5144019288253036,-1.848522138802491,
parcelas_multianio_ubic_lon-pix_reto_v1,multianio,ubic_lon-pix,reto,lightgbm,B,default,,9,35,0.5923111908909003,0.4470895579821217,0.5122074303736135,0.553390683665052,0.4307713211193227,0.4935735747509589,-2.213035439729188,
parcelas_multianio_ubic_mun-lon-pix_reto_v1,multianio,ubic_mun-lon-pix,reto,lightgbm,B,default,,9,36,0.5923350406009462,0.4464006676583484,0.5121681471530843,0.5543355494832587,0.4300526277089765,0.4936257738271574,-2.217144490062443,
parcelas_multianio_ubic_lon_reto_v1,multianio,ubic_lon,reto,lightgbm,B,default,,9,34,0.592500837521688,0.4473048447945652,0.5118950168030099,0.5580917407076105,0.4336164627713991,0.4985147968027651,-2.271606941662617,
parcelas_multianio_ubic_mun-lon_reto_v1,multianio,ubic_mun-lon,reto,lightgbm,B,default,,9,35,0.5932337766206951,0.4469573513160263,0.5106866725180138,0.5588006322347512,0.4352539768773015,0.4979955657767997,-2.1985033105819984,
parcelas_multianio_ubic_est-lon-pix_reto_v1,multianio,ubic_est-lon-pix,reto,lightgbm,B,default,,9,36,0.5947532210827946,0.4461829784334417,0.5081769146617447,0.5571440829372865,0.4298832743775105,0.4936708848764415,-2.2488995644991614,
parcelas_multianio_ubic_est-mun-lon-pix_reto_v1,multianio,ubic_est-mun-lon-pix,reto,lightgbm,B,default,,9,37,0.5947532210827946,0.4461829784334417,0.5081769146617447,0.5571440829372865,0.4298832743775105,0.4936708848764415,-2.2488995644991614,
parcelas_multianio_ubic_est-lon_reto_v1,multianio,ubic_est-lon,reto,lightgbm,B,default,,9,35,0.596051770509534,0.4471153148765329,0.5060269345839816,0.5618202609767556,0.4350677018653021,0.4982326771386284,-2.233575944619628,
