dataset_id,modelo,n_folds,rmse_oof,mae_oof,r2_oof,rmse_fold_mean,rmse_fold_std,mae_fold_mean,r2_fold_mean
parcelas_multianio_ubic_completa_reto_v1,hist_gradient_boosting,9,0.6531667305922764,0.4717675619228692,0.406824212420702,0.6247632038150724,0.437882530525383,0.5723757553028275,-2.620791603636105
parcelas_solo2025_ubic_completa_reto_v1,hist_gradient_boosting,9,0.6779024532397739,0.4800002437065869,0.3610458201714666,0.6218900411185144,0.36284830934718426,0.564247771013036,-3.411374062389696
parcelas_solo2025_sin_ubic_n-edaf_v1,hist_gradient_boosting,9,0.7028548366544887,0.5717972620873297,0.3131426026962728,0.6905905386992338,0.34445631160772483,0.6297588494258056,-10.094523149272709
parcelas_multianio_sin_ubic_reto_v1,hist_gradient_boosting,9,0.7099394729305485,0.554697541137407,0.29922604578683243,0.6801061942639937,0.38525542859878775,0.6261868992754531,-16.84237102647501
parcelas_solo2025_sin_ubic_n_v1,hist_gradient_boosting,9,0.7108025582880946,0.5806535142730553,0.2975211247012076,0.6879091308975565,0.33064647524121193,0.6282216586762144,-10.656813424415223
parcelas_solo2025_sin_ubic_n_v1,ridge,9,0.7451984143973327,0.6003944250545511,0.22789005084780467,0.7448612373525422,0.3304289876809336,0.6755379050066017,-9.357058013327565
parcelas_solo2025_sin_ubic_n-edaf-cec-silt_v1,ridge,9,0.7459338302675133,0.6216206183711884,0.22636535062545493,0.7571978441519818,0.2792824573360609,0.6864851003315662,-8.523630586097166
parcelas_solo2025_sin_ubic_n-edaf_v1,ridge,9,0.7710320193023726,0.6200547467026782,0.17342906142368997,0.7523714368379598,0.32936394643087746,0.6764399167065396,-9.694806528596397
parcelas_solo2025_sin_ubic_reto_v1,hist_gradient_boosting,9,0.7972111778530326,0.6456351011906181,0.11634637547999838,0.6353618434492331,0.3007772833409457,0.5681839386102993,-18.72704348160735
parcelas_multianio_sin_ubic_reto_v1,ridge,9,0.7997968650460288,0.619523307653445,0.11060496771839567,0.6440056776473791,0.23848740451434067,0.5569651618527013,-4.886992831624883
parcelas_multianio_ubic_completa_reto_v1,ridge,9,0.8069775914681148,0.6267722002055076,0.09456296431176037,0.7131090472428411,0.27193875401033335,0.6296302257965849,-5.10808496374096
parcelas_solo2025_ubic_completa_reto_v1,ridge,9,0.813982598123621,0.6141045700292115,0.07877536100414839,0.7612842467372017,0.41877340085369025,0.7006884672885345,-7.669489726597883
parcelas_solo2025_sin_ubic_n-edaf-cec-silt_v1,hist_gradient_boosting,9,0.8296608500470393,0.6829628896548663,0.042945876828530016,0.694767619317529,0.35466955507131104,0.639837470570432,-12.038374305797287
parcelas_solo2025_ubic_mun_reto_v1,hist_gradient_boosting,9,0.9204783331793296,0.7720380545728436,-0.1780465313366293,0.8541704184098807,0.3843133703245743,0.7963405402791092,-23.882576147100114
parcelas_solo2025_ubic_mun_reto_v1,ridge,9,0.944837794389387,0.8405044731584733,-0.24122301178084826,0.8974893037018978,0.3884482457798165,0.8500192144169494,-13.675265889857153
parcelas_solo2025_sin_ubic_reto_v1,ridge,9,0.9589312248576087,0.8339306854028575,-0.27852794583836205,0.8356236361790665,0.3428899928988977,0.777980392792156,-10.247152926510942
parcelas_solo2025_ubic_est-mun_reto_v1,ridge,9,0.9742110946233538,0.8421229477541455,-0.31959738623838674,0.8515198919141569,0.323028817790329,0.805435857919767,-10.97923097981879
parcelas_solo2025_ubic_est-mun_reto_v1,hist_gradient_boosting,9,0.9926990291546062,0.8644620030986497,-0.3701575200414988,0.8292994554671667,0.3247256638806414,0.778579470846091,-24.46401315642873
parcelas_solo2025_sin_ubic_reto_v1,media_estado,9,1.0838416346312834,0.9704970659952764,-0.6333037691571766,0.8288609220525369,0.3187852937439105,0.796316403069197,-20.047115543719777
parcelas_solo2025_sin_ubic_n_v1,media_estado,9,1.0838416346312834,0.9704970659952764,-0.6333037691571766,0.8288609220525369,0.3187852937439105,0.796316403069197,-20.047115543719777
parcelas_solo2025_sin_ubic_n-edaf_v1,media_estado,9,1.0838416346312834,0.9704970659952764,-0.6333037691571766,0.8288609220525369,0.3187852937439105,0.796316403069197,-20.047115543719777
parcelas_solo2025_sin_ubic_n-edaf-cec-silt_v1,media_estado,9,1.0838416346312834,0.9704970659952764,-0.6333037691571766,0.8288609220525369,0.3187852937439105,0.796316403069197,-20.047115543719777
parcelas_solo2025_ubic_mun_reto_v1,media_estado,9,1.0838416346312834,0.9704970659952764,-0.6333037691571766,0.8288609220525369,0.3187852937439105,0.796316403069197,-20.047115543719777
parcelas_solo2025_ubic_est-mun_reto_v1,media_estado,9,1.0838416346312834,0.9704970659952764,-0.6333037691571766,0.8288609220525369,0.3187852937439105,0.796316403069197,-20.047115543719777
parcelas_solo2025_ubic_completa_reto_v1,media_estado,9,1.0838416346312834,0.9704970659952764,-0.6333037691571766,0.8288609220525369,0.3187852937439105,0.796316403069197,-20.047115543719777
parcelas_multianio_sin_ubic_reto_v1,media_estado,9,1.0838416346312834,0.9704970659952764,-0.6333037691571766,0.8288609220525369,0.3187852937439105,0.796316403069197,-20.047115543719777
parcelas_multianio_ubic_completa_reto_v1,media_estado,9,1.0838416346312834,0.9704970659952764,-0.6333037691571766,0.8288609220525369,0.3187852937439105,0.796316403069197,-20.047115543719777
parcelas_solo2025_sin_ubic_reto_v1,media_global,9,1.153027018611838,1.0674056509715846,-0.8484779426573588,0.9197769061914798,0.3436796636749142,0.8911648076503094,-11.259218518312618
parcelas_solo2025_sin_ubic_n_v1,media_global,9,1.153027018611838,1.0674056509715846,-0.8484779426573588,0.9197769061914798,0.3436796636749142,0.8911648076503094,-11.259218518312618
parcelas_solo2025_sin_ubic_n-edaf_v1,media_global,9,1.153027018611838,1.0674056509715846,-0.8484779426573588,0.9197769061914798,0.3436796636749142,0.8911648076503094,-11.259218518312618
parcelas_solo2025_sin_ubic_n-edaf-cec-silt_v1,media_global,9,1.153027018611838,1.0674056509715846,-0.8484779426573588,0.9197769061914798,0.3436796636749142,0.8911648076503094,-11.259218518312618
parcelas_solo2025_ubic_mun_reto_v1,media_global,9,1.153027018611838,1.0674056509715846,-0.8484779426573588,0.9197769061914798,0.3436796636749142,0.8911648076503094,-11.259218518312618
parcelas_solo2025_ubic_est-mun_reto_v1,media_global,9,1.153027018611838,1.0674056509715846,-0.8484779426573588,0.9197769061914798,0.3436796636749142,0.8911648076503094,-11.259218518312618
parcelas_solo2025_ubic_completa_reto_v1,media_global,9,1.153027018611838,1.0674056509715846,-0.8484779426573588,0.9197769061914798,0.3436796636749142,0.8911648076503094,-11.259218518312618
parcelas_multianio_sin_ubic_reto_v1,media_global,9,1.153027018611838,1.0674056509715846,-0.8484779426573588,0.9197769061914798,0.3436796636749142,0.8911648076503094,-11.259218518312618
parcelas_multianio_ubic_completa_reto_v1,media_global,9,1.153027018611838,1.0674056509715846,-0.8484779426573588,0.9197769061914798,0.3436796636749142,0.8911648076503094,-11.259218518312618
