sensor,indice,n,min,mediana,p95,max
Sentinel-2,crc,44877,-0.7,0.386,0.463,0.561
Sentinel-2,dswi2,44877,0.184,2.199,2.656,3.869
Sentinel-2,dswi3,44877,0.18,1.898,2.58,4.229
Sentinel-2,dswi4,44877,0.7,0.842,1.349,2.158
Sentinel-2,dswi5,44877,0.57,0.814,1.651,3.132
Sentinel-2,emsi,44877,0.094,0.982,1.339,1.96
Sentinel-2,enddi,44877,-0.255,0.142,0.19,0.308
Sentinel-2,endwi,44877,-0.318,0.013,0.526,0.828
Sentinel-2,evi,44877,-0.031,0.13,0.52,0.905
Sentinel-2,fapar,44873,0.004,0.113,0.588,0.905
Sentinel-2,lai,44877,-0.192,0.016,0.752,3.035
Sentinel-2,mcrc,44877,-0.689,0.373,0.451,0.585
Sentinel-2,mra,44877,0.02,0.021,0.031,0.041
Sentinel-2,msi,44877,0.176,1.243,1.535,2.171
Sentinel-2,nddi,44877,-0.288,0.079,0.147,0.277
Sentinel-2,ndsvi,44877,-0.695,0.307,0.436,0.612
Sentinel-2,ndti,44877,-0.184,0.121,0.297,0.427
Sentinel-2,ndvi,44877,-0.066,0.175,0.603,0.82
Sentinel-2,ndwi,44877,-0.365,-0.106,0.278,0.701
Sentinel-2,savi,44877,-0.013,0.108,0.384,0.621
Sentinel-2,srndi,44877,-0.824,0.185,0.293,0.493
Sentinel-2,sti,44877,0.726,1.277,1.854,2.509
Landsat,vi6t,31048,-0.802,-0.625,-0.574,-0.431
Planet,evi,35747,0.028,0.16,0.486,0.877
Planet,lai,35747,-0.112,0.962,2.537,3.663
Planet,msavi,35747,0.01,0.157,0.483,0.78
Planet,ndvi,35747,0.007,0.275,0.724,0.907
