ID_POLIGONO,elevacion_m,elevacion_min_m,elevacion_max_m,pendiente_grados,pendiente_max_grados,relieve_m,pixeles_topo
AGC_196,2543.66,2539,2550,1.74,2.27,11,13
AGC_044,2529.99,2529,2531,0.35,0.57,2,4
AGC_020,2528.92,2528,2531,0.56,0.78,3,11
AGC_174,2546.62,2542,2553,2.28,5.76,11,11
AGC_083,2564.04,2557,2569,2.37,2.9,12,8
AGC_149,2645.66,2631,2672,5.87,14.94,41,18
AGC_052,2626.77,2616,2647,6.08,13.42,31,11
AGC_009,2640.89,2630,2661,7.43,8.26,31,4
AGC_119,2641.57,2630,2652,7.49,8.26,22,3
AGC_064,2654.64,2645,2670,6.22,8.26,25,9
AGC_130,2649.99,2632,2670,5.07,14.69,38,16
AGC_035,2527.73,2526,2529,0.29,0.48,3,29
AGC_047,2527.96,2522,2531,0.51,0.93,9,61
AGC_084,2685.47,2677,2712,3.63,8.55,35,20
AGC_151,2730.93,2714,2771,6.64,17.22,57,19
AGC_137,2719.24,2708,2740,3.94,13.44,32,37
AGC_152,2763.67,2750,2775,4.99,5.89,25,8
AGC_051,2748.94,2720,2778,4.51,6.2,58,18
AGC_107,2630.13,2629,2632,0.78,1.1,3,5
AGC_065,2735.81,2721,2751,1.89,6.7,30,60
AGC_059,2644.48,2637,2671,3.21,15.2,34,24
AGC_184,2628.69,2626,2632,0.63,0.94,6,15
AGC_082,2637.44,2629,2649,3.22,7.48,20,10
AGC_146,2627.09,2626,2628,0.39,1.1,2,5
AGC_128,2630.53,2627,2638,2.1,5.98,11,11
AGC_180,2773.84,2751,2802,5.73,7.5,51,19
AGC_134,2762.7,2752,2785,7.32,7.5,33,7
AGC_041,2701.38,2684,2720,2.79,4.11,36,27
AGC_166,2690.61,2682,2703,3.44,6.5,21,10
AGC_003,2642.6,2635,2657,2.28,6.55,22,22
AGC_081,2636.02,2631,2639,1.61,2.3,8,7
AGC_129,2650.58,2641,2659,1.6,2.91,18,17
AGC_034,2690.85,2688,2700,1.52,3.09,12,12
AGC_079,2701.56,2688,2733,3.64,7.99,45,26
AGC_070,2739.83,2720,2765,4.02,7.07,45,26
AGC_113,2711.82,2695,2731,3.35,4.41,36,18
AGC_038,2707.26,2698,2723,4.26,5.23,25,9
AGC_042,2691.47,2679,2700,3.89,4.92,21,10
AGC_194,2715.58,2704,2729,3.51,4.65,25,10
AGC_030,2766.14,2751,2780,1.91,2.64,29,24
AGC_078,2752.11,2749,2760,1.74,2.4,11,8
AGC_121,2753.74,2748,2770,2.72,4.16,22,13
AGC_148,2746.73,2745,2749,1.11,1.5,4,6
AGC_067,2745.77,2742,2754,2.94,6.24,12,5
AGC_089,2744.14,2742,2745,1.08,1.25,3,4
AGC_007,2762.15,2756,2767,3.61,3.93,11,7
AGC_080,2762.99,2760,2766,0.61,1.13,6,23
AGC_156,2752.38,2749,2758,1.41,1.77,9,11
AGC_140,2747.47,2746,2750,1.15,2.95,4,9
AGC_118,2778.88,2761,2818,7.54,17.85,57,10
AGC_190,2889.55,2884,2899,2.15,2.74,15,10
AGC_092,2636.25,2631,2639,4.78,5.55,8,2
AGC_091,2636,2636,2636,2.35,2.35,0,1
AGC_060,2720.07,2702,2733,9.4,13.51,31,6
AGC_115,2600.42,2599,2603,0.36,1.07,4,10
AGC_191,2714.02,2682,2738,7.83,11.71,56,8
AGC_085,2615.1,2612,2617,0.84,0.93,5,10
AGC_188,2656.25,2649,2667,3.39,4.01,18,8
AGC_126,2891.71,2886,2900,2.08,6.67,14,11
AGC_097,2753.7,2742,2755,1.73,5.49,13,8
AGC_043,2605.34,2603,2607,0.63,0.88,4,12
AGC_185,2632.82,2619,2645,3.23,3.79,26,17
AGC_108,2869.56,2840,2881,6.67,12,41,8
AGC_181,2640.59,2630,2649,7.26,9.21,19,4
AGC_153,2606.01,2606,2607,0.28,0.38,1,7
AGC_006,2894.13,2881,2898,2.41,5.25,17,9
AGC_036,2613.81,2612,2615,0.69,0.91,3,11
AGC_109,2751.88,2749,2755,2.38,4.58,6,6
AGC_077,2848.91,2839,2855,1.92,3.17,16,12
AGC_177,2613.01,2610,2615,0.81,0.93,5,9
AGC_105,2609.17,2607,2612,0.7,0.91,5,8
AGC_182,2644.67,2631,2663,4.11,6.37,32,11
AGC_096,2618.45,2610,2621,1,2.43,11,20
AGC_176,2694.27,2678,2712,4.56,5.65,34,13
AGC_155,2753.3,2747,2765,5.32,10.54,18,6
AGC_100,2647.24,2643,2650,1.09,2.29,7,17
AGC_135,2873.09,2858,2887,6.22,8.56,29,6
AGC_186,2601.86,2599,2605,0.95,1.27,6,20
AGC_143,2616.71,2609,2626,2.31,3.36,17,17
AGC_018,2619.26,2616,2625,2,2.76,9,6
AGC_106,2606.21,2604,2609,0.57,0.61,5,11
AGC_033,2758.33,2739,2790,5.85,13.51,51,27
AGC_150,2615.64,2614,2617,0.79,0.91,3,5
AGC_104,2613.8,2612,2615,0.79,0.91,3,6
AGC_167,2635.66,2629,2645,3.74,6.27,16,6
AGC_002,2611.46,2610,2613,0.6,0.68,3,6
AGC_136,2610,2610,2610,0.32,0.38,0,4
AGC_178,2642.15,2633,2646,1.2,2.16,13,15
AGC_125,2608.47,2606,2610,0.6,0.96,4,17
AGC_116,2604.93,2602,2609,0.79,0.99,7,13
AGC_162,2834.25,2820,2844,4.66,7.97,24,9
AGC_057,2729.59,2722,2750,8.24,8.89,28,4
AGC_142,2726.52,2717,2735,7.99,8.56,18,5
AGC_197,2613.35,2610,2618,1.21,2.34,8,17
AGC_028,2653.71,2640,2669,7.7,10.56,29,5
AGC_073,2600.53,2600,2602,0.38,0.8,2,7
AGC_031,2604.28,2604,2605,0.46,0.83,1,8
AGC_171,2629.15,2619,2632,1.4,2.98,13,16
AGC_111,2880.67,2870,2891,6.92,8.56,21,4
AGC_015,2670.97,2666,2680,2.92,4.16,14,6
AGC_063,2607.05,2604,2614,1.13,2.27,10,20
AGC_110,2607.4,2605,2609,0.58,0.68,4,11
AGC_032,2639.5,2628,2659,5.45,6.64,31,6
AGC_024,2630.52,2627,2633,0.71,1.13,6,15
AGC_045,2617.02,2615,2620,1.58,2.34,5,7
AGC_195,2603.47,2603,2604,0.35,0.48,1,6
AGC_088,2906.04,2893,2912,2.06,2.91,19,12
AGC_005,2623.98,2622,2625,1.43,2.68,3,5
AGC_102,2625.06,2619,2631,1.55,2.33,12,19
AGC_127,2726.68,2719,2736,6.94,7.78,17,4
AGC_101,2622.94,2616,2631,2.03,2.82,15,17
AGC_095,2640.48,2637,2644,4.15,6.17,7,3
AGC_017,2657.33,2648,2668,4.74,5.45,20,6
AGC_192,2706.22,2703,2712,2.63,2.96,9,5
AGC_072,2891.56,2886,2903,3.45,4.15,17,9
AGC_159,2627.28,2625,2632,1.59,3.31,7,6
AGC_158,2631.56,2628,2635,0.89,1.86,7,17
AGC_011,2722.53,2715,2740,4.22,6.31,25,11
AGC_076,2633.57,2620,2637,5.5,8.53,17,5
AGC_168,2632.59,2627,2640,3.66,4.47,13,5
AGC_132,2881.45,2862,2890,3.32,6.54,28,11
AGC_062,2600.29,2599,2602,0.32,0.86,3,8
AGC_056,2745.16,2736,2752,2.87,4.41,16,6
AGC_055,2729.32,2725,2745,3.71,5,20,6
AGC_179,2734.88,2719,2746,4.56,7.43,27,12
AGC_139,2600.31,2599,2602,0.34,0.61,3,7
AGC_133,2839.81,2835,2845,2.84,5.49,10,9
AGC_013,2901.29,2888,2911,2.85,3.36,23,11
AGC_189,2620.67,2618,2622,1.79,2.23,4,6
AGC_094,2750.43,2743,2752,0.82,3.29,9,9
AGC_160,2743.39,2725,2754,2.77,4.81,29,13
AGC_124,2717.78,2704,2733,6.12,7.54,29,5
AGC_172,2885.34,2880,2900,3.67,5.95,20,8
AGC_026,2617.54,2616,2620,0.79,1.52,4,8
AGC_175,2645.94,2639,2653,2.97,3.28,14,5
AGC_010,2602.36,2601,2604,0.45,0.53,3,11
AGC_008,2614.84,2605,2631,2.95,3.57,26,19
AGC_154,2637.69,2631,2641,3.84,4.79,10,5
AGC_012,2884.8,2855,2897,5.51,6.53,42,8
AGC_049,2859.48,2858,2876,7.42,7.59,18,4
AGC_090,2626.97,2619,2637,2.55,3.36,18,16
AGC_131,2622.71,2619,2629,2.61,3.17,10,5
AGC_022,2620.97,2617,2627,1.13,2.7,10,16
AGC_014,2602.63,2600,2605,0.68,0.88,5,14
AGC_016,2611.54,2610,2614,0.56,0.99,4,14
AGC_161,2741.08,2701,2754,5.73,10.61,53,8
AGC_069,2626.46,2622,2628,4.36,4.8,6,2
AGC_165,2903.99,2889,2912,2.36,3.36,23,13
AGC_021,2753.48,2748,2756,2.08,5.49,8,8
AGC_193,2631.66,2624,2635,1.39,3.36,11,19
AGC_098,2698.7,2679,2716,3.47,4.4,37,12
AGC_187,2555.05,2552,2558,0.84,1.18,6,13
AGC_040,2532.51,2528,2537,1.07,1.52,9,11
AGC_025,2538.46,2537,2540,0.87,0.96,3,7
AGC_050,2601.58,2595,2608,2.98,3.48,13,8
AGC_039,2638.9,2619,2660,5.42,5.97,41,11
AGC_099,2576.92,2574,2582,1.67,1.78,8,5
AGC_048,2563.58,2550,2573,4.35,10.26,23,15
AGC_120,2614.82,2603,2642,5.2,14.22,39,18
AGC_112,2537.69,2533,2541,1.12,1.31,8,11
AGC_138,2581,2573,2588,1.51,1.74,15,12
AGC_029,2693,2679,2700,3.33,4.65,21,10
AGC_122,2715.2,2684,2735,5.29,10.47,51,13
AGC_023,2502.46,2500,2509,1.77,1.79,9,11
AGC_004,2564.2,2557,2570,1.35,1.5,13,12
AGC_144,2644.04,2633,2666,3.26,5.19,33,13
AGC_147,2669.91,2651,2690,4.28,4.74,39,13
AGC_075,2611.35,2608,2616,1.63,1.89,8,7
AGC_093,2617.67,2612,2622,1.83,2.23,10,8
AGC_053,2589.12,2584,2594,1.58,2.55,10,15
AGC_117,2583.34,2579,2589,2.01,2.8,10,11
AGC_087,2650.34,2639,2658,2.13,2.79,19,11
AGC_054,2644.79,2639,2650,2.16,2.38,11,7
AGC_145,2675.05,2664,2686,2.12,3.34,22,14
AGC_123,2692.65,2682,2700,2.04,2.93,18,15
AGC_170,2501.23,2499,2505,1.39,1.55,6,11
AGC_086,2547.45,2542,2550,1.11,1.76,8,10
AGC_183,2578.64,2576,2584,1.36,2.66,8,14
AGC_164,2496.65,2493,2500,0.9,1.18,7,15
AGC_173,2566.99,2565,2569,0.97,3.23,4,8
AGC_027,2608.16,2601,2619,1.41,2.34,18,15
AGC_169,2529.25,2528,2531,1.17,1.38,3,6
AGC_163,2612.77,2609,2617,2,2.16,8,5
AGC_157,2617.32,2614,2619,1.88,2.16,5,4
AGC_141,2621.29,2614,2626,1.76,2.2,12,9
AGC_061,2785.13,2757,2798,4.81,7.28,41,14
AGC_066,2513.6,2509,2520,1.47,2.39,11,14
AGC_068,2521.89,2515,2528,1.61,2.35,13,8
AGC_071,2610.4,2605,2619,1.9,2.46,14,11
AGC_037,2613.58,2610,2618,1.74,2.07,8,7
AGC_058,2620.48,2616,2625,1.9,2.34,9,12
AGC_114,2677.67,2671,2687,2.56,3.21,16,12
AGC_074,2812.36,2783,2833,5.32,8.65,50,17
AGC_019,2585.19,2577,2594,2.65,3.58,17,10
AGC_103,2580.84,2577,2601,2.53,7.78,24,7
AGC_046,2653.68,2646,2659,1.84,2.16,13,11
AGC_001,2708.94,2697,2721,3.04,3.56,24,13
