variable,n,rho_global,p_global,rho_intra_estado,p_intra,p_global_bh,p_intra_bh,grupo,indice,familia
amplitud_ciclo_c,138,-0.666,5e-19,-0.0659,0.443,4.4e-17,0.552,Clima,amplitud,Otra
tmin_ciclo_c,138,0.538,1.06e-11,-0.0535,0.533,4.65e-10,0.617,Clima,tmin,Otra
tmedia_ciclo_c,138,0.455,2.11e-8,-0.115,0.179,6.19e-7,0.405,Clima,tmedia,Otra
lluvia_mes_max_mm,138,-0.423,2.41e-7,-0.423,2.43e-7,5.29e-6,2.13e-5,Clima,lluvia,Otra
lluvia_ciclo_mm,138,-0.394,1.78e-6,-0.376,5.56e-6,3.13e-5,2.45e-4,Clima,lluvia,Otra
tmax_ciclo_c,138,-0.363,1.18e-5,-0.249,0.00324,1.74e-4,0.0476,Clima,tmax,Otra
crc_s2_max,138,0.3,3.47e-4,0.204,0.0162,0.00436,0.187,Sentinel-2,crc,Residuo/labranza
ndvi_s2_int,138,0.286,6.65e-4,0.202,0.0173,0.00731,0.187,Sentinel-2,ndvi,Dosel
ndvi_planet_media_sep_oct,138,0.28,8.98e-4,0.143,0.0952,0.00878,0.334,Planet,ndvi,Dosel
ndvi_planet_doy_max,138,0.276,0.00105,0.0794,0.354,0.0092,0.552,Planet,ndvi,Dosel
vi6t_landsat_max,138,0.266,0.00159,0.0848,0.323,0.0119,0.548,Landsat,vi6t,Térmico
lai_planet_max,138,-0.266,0.00163,-0.152,0.0758,0.0119,0.278,Planet,lai,Dosel
elevacion_max_m,138,0.259,0.00212,0.0598,0.486,0.0143,0.594,Topografía,elevacion,Otra
ndvi_s2_media_sep_oct,137,0.253,0.00285,0.134,0.119,0.0167,0.334,Sentinel-2,ndvi,Dosel
elevacion_m,138,0.251,0.00297,0.0474,0.581,0.0167,0.664,Topografía,elevacion,Otra
area_ha,138,-0.249,0.00321,-0.0703,0.412,0.0167,0.552,Parcela,area,Otra
ndvi_planet_max,138,-0.249,0.00323,-0.132,0.124,0.0167,0.334,Planet,ndvi,Dosel
elevacion_min_m,138,0.247,0.00346,0.0444,0.605,0.0169,0.671,Topografía,elevacion,Otra
pendiente_max_grados,138,0.239,0.00473,0.262,0.0019,0.0219,0.0334,Topografía,pendiente,Otra
ndvi_s2_std_media,138,0.232,0.00612,0.167,0.051,0.0247,0.249,Sentinel-2,ndvi,Dosel
savi_s2_int,138,0.232,0.00614,0.173,0.0423,0.0247,0.23,Sentinel-2,savi,Dosel
pendiente_grados,138,0.232,0.00618,0.273,0.00119,0.0247,0.0262,Topografía,pendiente,Otra
crc_s2_media,138,0.226,0.0076,0.314,1.76e-4,0.0291,0.00516,Sentinel-2,crc,Residuo/labranza
ndvi_planet_media_ago,138,-0.225,0.00808,-0.185,0.0296,0.0296,0.217,Planet,ndvi,Dosel
evi_planet_int,138,0.207,0.0148,0.171,0.0444,0.0523,0.23,Planet,evi,Dosel
savi_s2_max,138,-0.198,0.0198,-0.0954,0.266,0.0643,0.519,Sentinel-2,savi,Dosel
lai_planet_doy_max,138,0.198,0.02,0.0125,0.884,0.0643,0.905,Planet,lai,Dosel
vi6t_landsat_media,138,0.197,0.0205,0.0587,0.494,0.0643,0.596,Landsat,vi6t,Térmico
evi_s2_int,138,0.19,0.0254,0.157,0.0663,0.0771,0.265,Sentinel-2,evi,Dosel
fapar_s2_int,138,0.185,0.0297,0.0913,0.287,0.087,0.53,Sentinel-2,fapar,Dosel
ndvi_planet_std_media,138,0.182,0.0326,0.128,0.136,0.0903,0.352,Planet,ndvi,Dosel
fapar_s2_std_media,138,0.181,0.0338,0.159,0.0626,0.0903,0.262,Sentinel-2,fapar,Dosel
lai_s2_max,138,-0.181,0.0339,-0.1,0.242,0.0903,0.484,Sentinel-2,lai,Dosel
msavi_planet_max,138,-0.178,0.0365,-0.0923,0.281,0.0933,0.53,Planet,msavi,Dosel
msavi_planet_int,138,0.177,0.0379,0.162,0.057,0.0933,0.258,Planet,msavi,Dosel
msavi_planet_doy_max,138,0.177,0.0382,0.0655,0.445,0.0933,0.552,Planet,msavi,Dosel
evi_planet_max,138,-0.175,0.0401,-0.0824,0.336,0.0953,0.548,Planet,evi,Dosel
ndvi_s2_max,138,-0.169,0.0472,-0.1,0.242,0.109,0.484,Sentinel-2,ndvi,Dosel
fapar_s2_max,138,-0.169,0.0481,-0.153,0.0738,0.109,0.278,Sentinel-2,fapar,Dosel
ndvi_s2_media_ago,138,-0.163,0.0559,-0.136,0.111,0.123,0.334,Sentinel-2,ndvi,Dosel
ndvi_s2_doy_max,138,0.161,0.0587,0.0842,0.326,0.126,0.548,Sentinel-2,ndvi,Dosel
evi_s2_max,138,-0.159,0.0633,-0.0755,0.379,0.133,0.552,Sentinel-2,evi,Dosel
ndvi_planet_int,138,0.157,0.0655,0.199,0.0191,0.134,0.187,Planet,ndvi,Dosel
savi_s2_std_media,138,0.155,0.0689,0.131,0.125,0.138,0.334,Sentinel-2,savi,Dosel
crc_s2_min,138,-0.148,0.0837,0.0752,0.381,0.164,0.552,Sentinel-2,crc,Residuo/labranza
lai_planet_std_media,138,0.125,0.143,0.0763,0.374,0.265,0.552,Planet,lai,Dosel
evi_s2_std_media,138,0.125,0.143,0.111,0.197,0.265,0.432,Sentinel-2,evi,Dosel
lai_s2_int,138,0.125,0.145,0.106,0.218,0.265,0.468,Sentinel-2,lai,Dosel
evi_planet_doy_max,138,0.114,0.183,0.0458,0.594,0.329,0.67,Planet,evi,Dosel
msi_s2_min,138,0.11,0.199,0.175,0.0404,0.35,0.23,Sentinel-2,msi,Humedad
lai_planet_int,138,0.107,0.213,0.161,0.0585,0.362,0.258,Planet,lai,Dosel
ndwi_s2_media,138,-0.106,0.214,-0.188,0.0271,0.362,0.217,Sentinel-2,ndwi,Humedad
msi_s2_media,138,0.104,0.227,0.18,0.0347,0.377,0.23,Sentinel-2,msi,Humedad
ndwi_s2_max,138,-0.0973,0.256,-0.175,0.0404,0.418,0.23,Sentinel-2,ndwi,Humedad
msi_s2_max,138,0.0934,0.276,0.117,0.171,0.442,0.398,Sentinel-2,msi,Humedad
savi_s2_doy_max,138,0.0917,0.285,0.0286,0.739,0.447,0.774,Sentinel-2,savi,Dosel
ndwi_s2_min,138,-0.0905,0.291,-0.117,0.172,0.447,0.398,Sentinel-2,ndwi,Humedad
evi_planet_std_media,138,0.0898,0.295,0.0832,0.332,0.447,0.548,Planet,evi,Dosel
ndti_s2_media,138,0.0876,0.307,0.066,0.442,0.457,0.552,Sentinel-2,ndti,Residuo/labranza
emsi_s2_min,138,0.0865,0.313,0.134,0.118,0.459,0.334,Sentinel-2,emsi,Humedad
endwi_s2_max,138,-0.0843,0.326,-0.141,0.1,0.463,0.334,Sentinel-2,endwi,Humedad
msavi_planet_std_media,138,0.0842,0.326,0.0684,0.425,0.463,0.552,Planet,msavi,Dosel
sti_s2_min,138,0.0829,0.334,0.14,0.103,0.466,0.334,Sentinel-2,sti,Residuo/labranza
ndvi_s2_media_may_jul,138,0.0799,0.352,0.0438,0.61,0.476,0.671,Sentinel-2,ndvi,Dosel
lai_planet_media,138,-0.0789,0.358,0.0886,0.302,0.476,0.541,Planet,lai,Dosel
vi6t_landsat_min,138,-0.0781,0.362,-0.0739,0.389,0.476,0.552,Landsat,vi6t,Térmico
ndti_s2_min,138,0.0781,0.363,0.136,0.113,0.476,0.334,Sentinel-2,ndti,Residuo/labranza
ndvi_planet_media_may_jul,138,0.0741,0.388,0.0909,0.289,0.502,0.53,Planet,ndvi,Dosel
fapar_s2_doy_max,138,0.0726,0.397,-0.00231,0.979,0.503,0.979,Sentinel-2,fapar,Dosel
ndvi_planet_media,138,-0.0721,0.4,0.101,0.241,0.503,0.484,Planet,ndvi,Dosel
lai_s2_doy_max,138,0.0647,0.451,0.0249,0.772,0.559,0.799,Sentinel-2,lai,Dosel
relieve_m,138,0.0613,0.475,0.191,0.0247,0.58,0.217,Topografía,relieve,Otra
sti_s2_media,138,0.0574,0.503,0.0381,0.658,0.607,0.714,Sentinel-2,sti,Residuo/labranza
ndvi_s2_media,138,0.0531,0.536,0.0848,0.323,0.638,0.548,Sentinel-2,ndvi,Dosel
sti_s2_max,138,-0.049,0.568,-0.072,0.402,0.662,0.552,Sentinel-2,sti,Residuo/labranza
fapar_s2_media,138,-0.048,0.576,-0.0566,0.509,0.662,0.606,Sentinel-2,fapar,Dosel
ndti_s2_max,138,-0.0468,0.585,-0.0671,0.434,0.662,0.552,Sentinel-2,ndti,Residuo/labranza
endwi_s2_media,138,-0.0467,0.586,-0.125,0.146,0.662,0.356,Sentinel-2,endwi,Humedad
emsi_s2_max,138,0.0416,0.628,0.0759,0.376,0.692,0.552,Sentinel-2,emsi,Humedad
evi_s2_doy_max,138,0.0413,0.63,0.00633,0.941,0.692,0.952,Sentinel-2,evi,Dosel
lai_s2_std_media,138,0.0405,0.637,0.0332,0.699,0.692,0.75,Sentinel-2,lai,Dosel
lai_s2_media,138,-0.0374,0.663,0.0296,0.73,0.711,0.774,Sentinel-2,lai,Dosel
endwi_s2_min,138,-0.0323,0.707,-0.067,0.435,0.749,0.552,Sentinel-2,endwi,Humedad
emsi_s2_media,138,0.027,0.753,0.125,0.146,0.789,0.356,Sentinel-2,emsi,Humedad
savi_s2_media,138,0.0256,0.765,0.0705,0.411,0.792,0.552,Sentinel-2,savi,Dosel
msavi_planet_media,138,-0.0138,0.872,0.0672,0.433,0.893,0.552,Planet,msavi,Dosel
evi_planet_media,138,-0.0094,0.913,0.0735,0.392,0.922,0.552,Planet,evi,Dosel
evi_s2_media,138,-0.00844,0.922,0.0537,0.531,0.922,0.617,Sentinel-2,evi,Dosel
