variable,componente,carga
lai_s2_media,PC1,-0.174
lai_s2_int,PC1,-0.171
msavi_planet_int,PC1,-0.17
fapar_s2_int,PC1,-0.17
evi_s2_int,PC1,-0.165
lai_planet_int,PC1,-0.164
evi_s2_media,PC1,-0.164
evi_planet_int,PC1,-0.164
endwi_s2_min,PC2,0.227
ndvi_s2_std_media,PC2,0.222
emsi_s2_max,PC2,-0.219
ndwi_s2_min,PC2,0.213
msi_s2_max,PC2,-0.204
ndvi_planet_std_media,PC2,0.202
savi_s2_std_media,PC2,0.2
lai_planet_std_media,PC2,0.198
savi_s2_doy_max,PC3,0.227
lai_s2_doy_max,PC3,0.225
ndvi_planet_media_sep_oct,PC3,0.222
ndvi_s2_doy_max,PC3,0.221
evi_s2_doy_max,PC3,0.219
ndvi_s2_media_sep_oct,PC3,0.211
fapar_s2_doy_max,PC3,0.207
ndvi_planet_doy_max,PC3,0.197
msavi_planet_std_media,PC4,0.207
crc_s2_media,PC4,0.205
evi_planet_std_media,PC4,0.204
fapar_s2_std_media,PC4,0.192
lluvia_mes_max_mm,PC4,-0.189
savi_s2_std_media,PC4,0.179
evi_s2_std_media,PC4,0.178
lluvia_ciclo_mm,PC4,-0.178
