variable_a,variable_b,rho
sti_s2_min,ndti_s2_min,0.999
msi_s2_max,ndwi_s2_min,-0.999
emsi_s2_max,endwi_s2_min,-0.999
emsi_s2_min,endwi_s2_max,-0.999
msi_s2_min,ndwi_s2_max,-0.999
sti_s2_max,ndti_s2_max,0.998
msavi_planet_std_media,evi_planet_std_media,0.997
elevacion_min_m,elevacion_m,0.996
elevacion_max_m,elevacion_m,0.995
savi_s2_std_media,evi_s2_std_media,0.994
msavi_planet_int,evi_planet_int,0.99
sti_s2_media,ndti_s2_media,0.99
savi_s2_media,evi_s2_media,0.989
savi_s2_int,evi_s2_int,0.988
elevacion_max_m,elevacion_min_m,0.987
msavi_planet_media,evi_planet_media,0.987
ndvi_planet_media_ago,ndvi_s2_media_ago,0.986
lai_s2_max,savi_s2_max,0.986
lai_planet_std_media,ndvi_planet_std_media,0.978
savi_s2_max,evi_s2_max,0.978
tmedia_ciclo_c,tmin_ciclo_c,0.976
lai_s2_media,evi_s2_media,0.974
lai_s2_int,evi_s2_int,0.973
lai_s2_media,savi_s2_media,0.969
lai_s2_int,savi_s2_int,0.968
lai_s2_max,evi_s2_max,0.965
msi_s2_min,endwi_s2_max,-0.965
endwi_s2_max,ndwi_s2_max,0.964
msi_s2_media,ndwi_s2_media,-0.964
lluvia_mes_max_mm,lluvia_ciclo_mm,0.964
emsi_s2_min,msi_s2_min,0.963
emsi_s2_min,ndwi_s2_max,-0.961
ndvi_planet_media_sep_oct,ndvi_s2_media_sep_oct,0.958
fapar_s2_std_media,savi_s2_std_media,0.957
msavi_planet_int,evi_s2_int,0.956
evi_planet_int,evi_s2_int,0.956
msavi_planet_max,evi_planet_max,0.954
endwi_s2_media,ndwi_s2_media,0.952
lai_planet_media,ndvi_planet_media,0.951
fapar_s2_std_media,evi_s2_std_media,0.948
emsi_s2_media,msi_s2_media,0.947
msavi_planet_int,savi_s2_int,0.945
emsi_s2_media,endwi_s2_media,-0.944
savi_s2_media,ndvi_s2_media,0.943
fapar_s2_std_media,ndvi_s2_std_media,0.942
msavi_planet_int,lai_s2_int,0.941
savi_s2_std_media,ndvi_s2_std_media,0.937
evi_planet_int,savi_s2_int,0.934
ndvi_planet_std_media,ndvi_s2_std_media,0.933
lai_planet_int,ndvi_planet_int,0.933
fapar_s2_max,ndvi_s2_max,0.932
ndvi_planet_max,ndvi_s2_max,0.932
savi_s2_max,ndvi_s2_max,0.931
evi_planet_std_media,savi_s2_std_media,0.93
savi_s2_int,ndvi_s2_int,0.929
msavi_planet_std_media,savi_s2_std_media,0.929
msavi_planet_max,ndvi_s2_max,0.929
lai_s2_doy_max,savi_s2_doy_max,0.929
pendiente_max_grados,pendiente_grados,0.929
msavi_planet_max,savi_s2_max,0.928
emsi_s2_media,ndwi_s2_media,-0.928
emsi_s2_max,ndwi_s2_min,-0.927
emsi_s2_max,msi_s2_max,0.926
msavi_planet_std_media,evi_s2_std_media,0.925
evi_planet_std_media,evi_s2_std_media,0.925
ndvi_planet_int,ndvi_s2_int,0.924
endwi_s2_min,ndwi_s2_min,0.924
lai_s2_int,lai_s2_media,0.923
fapar_s2_max,evi_s2_max,0.922
evi_s2_media,ndvi_s2_media,0.922
msi_s2_max,endwi_s2_min,-0.922
evi_planet_int,lai_s2_int,0.921
fapar_s2_int,savi_s2_int,0.921
evi_s2_max,ndvi_s2_max,0.919
evi_s2_std_media,ndvi_s2_std_media,0.915
msavi_planet_max,evi_s2_max,0.915
fapar_s2_max,savi_s2_max,0.914
msavi_planet_max,lai_s2_max,0.914
fapar_s2_media,ndvi_s2_media,0.913
lai_planet_std_media,ndvi_s2_std_media,0.911
lai_s2_max,ndvi_s2_max,0.91
msavi_planet_int,ndvi_s2_int,0.909
fapar_s2_media,savi_s2_media,0.908
evi_planet_std_media,fapar_s2_std_media,0.908
evi_s2_int,ndvi_s2_int,0.908
msavi_planet_std_media,fapar_s2_std_media,0.908
fapar_s2_int,ndvi_s2_int,0.907
lai_s2_std_media,evi_s2_std_media,0.907
fapar_s2_int,lai_s2_int,0.906
evi_planet_max,savi_s2_max,0.905
msavi_planet_int,ndvi_planet_int,0.902
evi_planet_std_media,ndvi_planet_std_media,0.902
evi_planet_max,ndvi_s2_max,0.901
msavi_planet_max,ndvi_planet_max,0.9
