ID_POLIGONO,perfil
AGC_001,P1
AGC_002,P2
AGC_003,P2
AGC_004,P3
AGC_005,P2
AGC_006,P1
AGC_007,P2
AGC_008,P3
AGC_009,P1
AGC_010,P2
AGC_011,P1
AGC_012,P1
AGC_013,P1
AGC_014,P2
AGC_015,P4
AGC_016,P2
AGC_017,P1
AGC_018,P2
AGC_019,P2
AGC_020,P2
AGC_021,P1
AGC_022,P3
AGC_023,P4
AGC_024,P4
AGC_025,P4
AGC_026,P3
AGC_027,P2
AGC_028,P3
AGC_029,P1
AGC_030,P1
AGC_031,P1
AGC_032,P1
AGC_033,P3
AGC_034,P1
AGC_035,P4
AGC_036,P2
AGC_037,P4
AGC_038,P1
AGC_039,P4
AGC_040,P4
AGC_041,P1
AGC_042,P1
AGC_043,P4
AGC_044,P4
AGC_045,P2
AGC_046,P4
AGC_047,P4
AGC_048,P1
AGC_049,P1
AGC_050,P2
AGC_051,P2
AGC_052,P1
AGC_053,P4
AGC_054,P4
AGC_055,P1
AGC_056,P4
AGC_057,P3
AGC_058,P4
AGC_059,P2
AGC_060,P1
AGC_061,P1
AGC_062,P3
AGC_063,P4
AGC_064,P1
AGC_065,P2
AGC_066,P3
AGC_067,P2
AGC_068,P4
AGC_069,P4
AGC_070,P1
AGC_071,P4
AGC_072,P1
AGC_073,P3
AGC_074,P1
AGC_075,P4
AGC_076,P4
AGC_077,P4
AGC_078,P1
AGC_079,P1
AGC_080,P2
AGC_081,P1
AGC_082,P1
AGC_083,P4
AGC_084,P1
AGC_085,P3
AGC_086,P4
AGC_087,P4
AGC_088,P1
AGC_089,P1
AGC_090,P4
AGC_091,P1
AGC_092,P1
AGC_093,P4
AGC_094,P4
AGC_095,P3
AGC_096,P3
AGC_097,P1
AGC_098,P1
AGC_099,P4
AGC_100,P4
AGC_101,P3
AGC_102,P3
AGC_103,P2
AGC_104,P4
AGC_105,P4
AGC_106,P4
AGC_107,P2
AGC_108,P3
AGC_109,P3
AGC_110,P3
AGC_111,P1
AGC_112,P4
AGC_113,P1
AGC_114,P1
AGC_115,P3
AGC_116,P4
AGC_117,P4
AGC_118,P1
AGC_119,P1
AGC_120,P2
AGC_121,P1
AGC_122,P1
AGC_123,P4
AGC_124,P1
AGC_125,P2
AGC_126,P1
AGC_127,P1
AGC_128,P2
AGC_129,P1
AGC_130,P4
AGC_131,P4
AGC_132,P1
AGC_133,P2
AGC_134,P2
AGC_135,P1
AGC_136,P4
AGC_137,P2
AGC_138,P4
AGC_139,P3
AGC_140,P2
AGC_141,P4
AGC_142,P3
AGC_143,P3
AGC_144,P4
AGC_145,P2
AGC_146,P2
AGC_147,P2
AGC_148,P1
AGC_149,P1
AGC_150,P4
AGC_151,P2
AGC_152,P2
AGC_153,P3
AGC_154,P2
AGC_155,P4
AGC_156,P2
AGC_157,P4
AGC_158,P3
AGC_159,P4
AGC_160,P1
AGC_161,P1
AGC_162,P3
AGC_163,P4
AGC_164,P3
AGC_165,P1
AGC_166,P1
AGC_167,P1
AGC_168,P4
AGC_169,P4
AGC_170,P3
AGC_171,P3
AGC_172,P1
AGC_173,P2
AGC_174,P4
AGC_175,P1
AGC_176,P1
AGC_177,P4
AGC_178,P3
AGC_179,P1
AGC_180,P2
AGC_181,P4
AGC_182,P1
AGC_183,P3
AGC_184,P2
AGC_185,P4
AGC_186,P4
AGC_187,P4
AGC_188,P3
AGC_189,P4
AGC_190,P1
AGC_191,P1
AGC_192,P1
AGC_193,P3
AGC_194,P1
AGC_195,P4
AGC_196,P2
AGC_197,P3
